Evaluation/AverageReturn,TotalEnvSteps,ShortRL/Discount0,QF/Qf1Loss,ShortRL/MeanHeuristic,ShortRL/StdHeuristic,Evaluation/AverageDiscountedReturn,Average/TrainAverageReturn,Evaluation/Iteration,ReplayBuffer/buffer_size,Evaluation/StdReturn,Evaluation/NumEpisodes,ShortRL/RewardBias,Policy/Loss,ShortRL/MaxHeuristic,QF/Qf2Loss,Evaluation/TerminationRate,ShortRL/MinHeuristic,AlphaTemperature/mean,ShortRL/RewardScale,Evaluation/MinReturn,Evaluation/MaxReturn,ShortRL/Lambda,ShortRL/GuidanceDiscount
204.6289760806364,4001,0.999,13.72083854675293,0.0,0.0,192.44775253860638,10.14924020772418,0,4001,2.0097785182728547,10,0.8832945135696612,-44.3033332824707,0.0,14.015515327453613,1.0,0.0,0.7890925407409668,0.7504113800436135,201.1326176580303,206.49783348273363,1.0,0.999
228.74621636228167,8002,0.999,89.17942810058594,0.0,0.0,215.18186099999934,76.43203640074326,1,8002,0.8304593360037787,10,1.0995924259087773,-82.51299285888672,0.0,89.1552963256836,1.0,0.0,0.6219845414161682,0.9667092923827296,227.57368276925712,229.81610782638302,1.0,0.999
250.45273679568908,12160,0.999,38.558631896972656,0.0,0.0,234.74428128237045,129.58253382843046,2,12160,1.819670981563741,10,1.2401805914625341,-123.94696807861328,0.0,38.977989196777344,1.0,0.0,0.48770788311958313,1.1072974579364865,246.94904887511748,252.7878623976187,1.0,0.999
306.5545805458454,16256,0.999,15.484732627868652,0.0,0.0,284.15325637944,159.81529758402922,3,16256,1.4483749045712897,10,1.2988961445427054,-156.07725524902344,0.0,15.97525691986084,1.0,0.0,0.38385316729545593,1.1660130110166578,303.5178532301479,308.43291106229276,1.0,0.999
331.97618689375315,20312,0.999,209.19334411621094,0.0,0.0,306.1456653966728,190.61275965229854,4,20312,1.208054379373817,10,1.360573264175234,-169.92335510253906,0.0,206.9811248779297,1.0,0.0,0.3026638627052307,1.2276901306491863,329.3410832506261,333.47553504175494,1.0,0.999
333.0248863521089,24440,0.999,62.725955963134766,0.0,0.0,308.3366885694153,216.64772172044027,5,24440,1.0668823458888723,10,1.3859125772259602,-205.1273651123047,0.0,70.1510009765625,1.0,0.0,0.2402561902999878,1.2530294436999125,331.2405371656551,334.83388836497465,1.0,0.999
307.00715585933887,28582,0.999,41.25115203857422,0.0,0.0,285.17289541047455,234.15075214543717,6,28582,0.945741541350565,10,1.4271926889412898,-211.67283630371094,0.0,43.33665084838867,1.0,0.0,0.18992969393730164,1.2943095554152422,305.91645929333345,308.3427799139238,1.0,0.999
428.566550956277,32626,0.999,5.922311782836914,0.0,0.0,387.08983445120487,243.77629452401075,7,32626,6.524990547806943,10,1.4448167565730448,-212.1866455078125,0.0,5.747204780578613,1.0,0.0,0.1518377661705017,1.3119336230469971,418.96460382169533,436.36883556438437,1.0,0.999
329.8558927865747,36658,0.999,11.085769653320312,0.0,0.0,305.283580164374,261.2119057387732,8,36658,1.716503040907697,10,1.4723472000189433,-220.3996124267578,0.0,10.81315803527832,1.0,0.0,0.12272278964519501,1.3394640664928956,327.62880345117355,332.5084321162734,1.0,0.999
333.6243633728881,40682,0.999,729.3936767578125,0.0,0.0,307.592396229951,267.3778126547864,9,40682,4.730936366103605,10,1.4949094636798108,-228.73117065429688,0.0,720.3287353515625,1.0,0.0,0.09897871315479279,1.3620263301537632,326.27740041032007,346.15960384022725,1.0,0.999
326.8403416528016,44812,0.999,47.092437744140625,0.0,0.0,300.4448179052739,273.4801862586935,10,44812,1.3872823805743153,10,1.498307360040771,-230.91488647460938,0.0,48.87039566040039,1.0,0.0,0.08020681142807007,1.3654242265147234,324.54527456317663,329.2137356770664,1.0,0.999
409.1849697396159,48892,0.999,26.35144805908203,0.0,0.0,371.4040834165015,278.4112086921405,11,48892,3.2548710575152286,10,1.5078543452768063,-244.34771728515625,0.0,21.05805778503418,1.0,0.0,0.06828809529542923,1.3749712117507586,404.49471306082773,416.17561336758786,1.0,0.999
295.9111389988058,52983,0.999,69.49964904785156,0.0,0.0,275.9611834733323,286.1839812707177,12,52983,2.4728355091379575,10,1.5118008714852937,-221.62637329101562,0.0,60.29475021362305,1.0,0.0,0.060475729405879974,1.378917737959246,293.112831855035,299.99377494588634,1.0,0.999
328.63132883607807,56997,0.999,24.48771858215332,0.0,0.0,303.00457202977725,286.6202029542922,13,56997,2.2769931695356247,10,1.5215318421675093,-223.2954559326172,0.0,26.653182983398438,1.0,0.0,0.06484894454479218,1.3886487086414616,325.68264887975755,332.10541612976505,1.0,0.999
434.82408597908386,61126,0.999,18.982206344604492,0.0,0.0,389.8012504537001,289.4790370910703,14,61126,37.694569681009064,10,1.5215318421675093,-274.2515869140625,0.0,15.911162376403809,1.0,0.0,0.06461440771818161,1.3886487086414616,384.5237528851617,487.8577408802607,1.0,0.999
189.5986329156891,65323,0.999,36.68647003173828,0.0,0.0,179.65751799573724,304.12730834715506,15,65323,0.5894430591806803,10,1.5371846764136086,-272.2853698730469,0.0,37.99934005737305,1.0,0.0,0.0689772441983223,1.404301542887561,188.85495756140818,190.80151065596345,1.0,0.999
611.1564108114287,69435,0.999,29.242828369140625,0.0,0.0,506.4728970524126,301.692569669194,16,69435,43.8169642373203,10,1.5371846764136086,-283.9881896972656,0.0,24.360492706298828,1.0,0.0,0.06628114730119705,1.404301542887561,539.8640688629798,687.4712923178356,1.0,0.999
1052.9703036945434,73575,0.999,39.27885818481445,0.0,0.0,681.4198551528868,317.41821419306694,17,73575,0.48766225090105825,10,1.5371846764136086,-306.1103820800781,0.0,43.663780212402344,0.0,0.0,0.0703272894024849,1.404301542887561,1052.2466386816955,1053.5216460168826,1.0,0.999
311.0718926137732,77774,0.999,64.81546020507812,0.0,0.0,287.68594436065507,353.3578535912637,18,77774,3.097091296781315,10,1.5371846764136086,-315.27423095703125,0.0,55.60264587402344,1.0,0.0,0.0646333396434784,1.404301542887561,308.84393513870884,319.3079398638845,1.0,0.999
67.83552403304688,81807,0.999,65.83267211914062,0.0,0.0,66.4070707181145,351.2736302539579,19,81807,1.4990111047667056,10,1.5371846764136086,-324.7415771484375,0.0,69.52620697021484,1.0,0.0,0.0752951055765152,1.404301542887561,66.0213682437136,69.75767939076485,1.0,0.999
726.9007156826681,85828,0.999,186.24520874023438,0.0,0.0,632.6579410835062,341.21710638310833,20,85828,104.38984671334005,10,1.5371846764136086,-354.321533203125,0.0,242.272216796875,1.0,0.0,0.08893799781799316,1.404301542887561,627.8449892679739,927.3039778826787,1.0,0.999
653.7700096715506,89870,0.999,66.0262680053711,0.0,0.0,575.6213149527215,359.3763323657018,21,89870,54.76940331766053,10,1.5450051965323497,-365.0754699707031,0.0,70.45962524414062,1.0,0.0,0.08166071027517319,1.412122063006302,544.3968040822767,695.808086647934,1.0,0.999
615.206205318807,93885,0.999,105.7054443359375,0.0,0.0,539.6295291681306,375.89418204930314,22,93885,31.88971272817746,10,1.5954954079391848,-380.12615966796875,0.0,103.12425231933594,1.0,0.0,0.0833338052034378,1.4626122744131371,579.4975138238423,656.7166918157556,1.0,0.999
543.3647468225752,98055,0.999,56.77750778198242,0.0,0.0,478.03233558126675,385.03087220298113,23,98055,52.426082762204665,10,1.6163330989046574,-373.0924072265625,0.0,51.83747100830078,1.0,0.0,0.09831368923187256,1.4834499653786097,511.9175163826361,649.0716253125315,1.0,0.999
426.3326141813608,102268,0.999,147.08126831054688,0.0,0.0,382.04125496648396,392.8296269148179,24,102268,82.37804546168806,10,1.6218414505586873,-410.4477233886719,0.0,130.00782775878906,1.0,0.0,0.10363185405731201,1.4889583170326397,372.2724622856545,594.6040678379717,1.0,0.999
597.9437575443924,106343,0.999,27.372554779052734,0.0,0.0,520.1160763166951,396.8695969580821,25,106343,5.512654600736453,10,1.6219287999777623,-389.8180236816406,0.0,26.874794006347656,1.0,0.0,0.11095838248729706,1.4890456664517147,590.1833325786189,605.8115825381138,1.0,0.999
334.1958885444595,110345,0.999,71.24907684326172,0.0,0.0,308.3779170740289,404.60918650271145,26,110345,5.4587740271242335,10,1.6308146175353757,-409.85125732421875,0.0,80.7779769897461,1.0,0.0,0.09673851728439331,1.497931484009328,319.4551747341837,339.2041772906243,1.0,0.999
337.3956605175115,114460,0.999,102.79840087890625,0.0,0.0,310.29006040335645,405.3718156894693,27,114460,11.669035591699867,10,1.6361672598023924,-415.759765625,0.0,103.5867691040039,1.0,0.0,0.09044060856103897,1.5032841262763448,322.9696255760225,370.14214762156973,1.0,0.999
676.5046099170105,118567,0.999,98.77875518798828,0.0,0.0,585.3851571120592,407.56089983834545,28,118567,40.07488056711916,10,1.6402555129350538,-432.4513244628906,0.0,90.24481964111328,1.0,0.0,0.09062492102384567,1.5073723794090061,625.937852169046,725.231975597666,1.0,0.999
493.91819180537743,122726,0.999,119.17574310302734,0.0,0.0,439.9237985951968,419.5167685220856,29,122726,2.207532478212833,10,1.6540240589881678,-422.65460205078125,0.0,111.07645416259766,1.0,0.0,0.09302964061498642,1.5211409254621202,490.4018231592039,497.76708278602894,1.0,0.999
759.2746839904296,126867,0.999,50.142303466796875,0.0,0.0,654.4279711681767,438.2412786054701,30,126867,18.879391516531726,10,1.6612405415233238,-414.0855712890625,0.0,54.02684783935547,1.0,0.0,0.10148607194423676,1.5283574079972762,719.6126768252149,788.4953046035777,1.0,0.999
462.91209573336255,130958,0.999,51.126380920410156,0.0,0.0,418.60853172047166,454.8775689628034,31,130958,7.340810655502577,10,1.6757337681260553,-450.1686706542969,0.0,41.16142654418945,1.0,0.0,0.1067432090640068,1.5428506346000077,454.7492752539862,476.08628319680133,1.0,0.999
712.7981486263659,135020,0.999,63.07128143310547,0.0,0.0,620.5103474481031,464.23375099144266,32,135020,13.214003348448848,10,1.6822686320558564,-441.0987243652344,0.0,58.378196716308594,1.0,0.0,0.09979240596294403,1.5493854985298088,692.828004134863,736.4273722004223,1.0,0.999
831.1070295009816,139216,0.999,39.110816955566406,0.0,0.0,705.6343873065945,478.9830516072716,33,139216,6.452118424094596,10,1.7011746068914224,-479.4825744628906,0.0,39.10620880126953,1.0,0.0,0.10050851851701736,1.5682914733653748,821.8195623198297,840.5139372801343,1.0,0.999
1047.9925318302257,143560,0.999,61.045082092285156,0.0,0.0,719.8636804563258,497.4041305624822,34,143560,373.73530149613384,10,1.7125476557349475,-477.2228698730469,0.0,64.50635528564453,0.9,0.0,0.0968318060040474,1.5796645222088999,913.1655944414531,2168.9525575646026,1.0,0.999
2210.8244501658014,147996,0.999,110.95304870605469,0.0,0.0,1404.4728779003049,554.5479419672366,35,147996,27.925616151193385,10,1.7132010617921594,-470.8248291015625,0.0,93.47904205322266,0.0,0.0,0.09639132767915726,1.5803179282661117,2144.8220521637263,2250.647612251727,1.0,0.999
1967.360592424318,152945,0.999,176.91647338867188,0.0,0.0,1237.2878022339848,589.030445257176,36,152945,34.56474911243005,10,1.7132010617921594,-493.20068359375,0.0,142.89703369140625,0.0,0.0,0.09486692398786545,1.5803179282661117,1911.1678735889063,2009.6560704148353,1.0,0.999
2096.138275512136,157156,0.999,143.3902130126953,0.0,0.0,1310.0972606653395,638.0574864632273,37,157156,58.54443942622056,10,1.7132010617921594,-485.53070068359375,0.0,131.03028869628906,0.0,0.0,0.09944594651460648,1.5803179282661117,1981.385525544548,2175.9042347442564,1.0,0.999
1299.7654318201674,161156,0.999,109.6678466796875,0.0,0.0,898.1486032861409,694.8989031174673,38,161156,540.566650749537,10,1.7132010617921594,-542.1747436523438,0.0,117.00753784179688,0.5,0.0,0.09730788320302963,1.5803179282661117,373.0043833027033,1876.3910152607073,1.0,0.999
993.3333672935981,165849,0.999,245.21099853515625,0.0,0.0,756.9982627945768,716.4243365180487,39,165849,289.91871058878394,10,1.7132010617921594,-548.2376098632812,0.0,251.53619384765625,1.0,0.0,0.08987093716859818,1.5803179282661117,786.8955521106484,1659.4436242424576,1.0,0.999
1223.9132921104424,170108,0.999,315.49200439453125,0.0,0.0,771.5367740136383,733.4644479158795,40,170108,6.87855998127408,10,1.7132010617921594,-563.0094604492188,0.0,268.74847412109375,0.0,0.0,0.09939486533403397,1.5803179282661117,1209.1532874638954,1233.1601152294443,1.0,0.999
1880.346595574747,174540,0.999,46.46442413330078,0.0,0.0,1246.5796070510482,762.4026168933647,41,174540,280.646424175993,10,1.7132010617921594,-613.6732788085938,0.0,36.01825714111328,0.6,0.0,0.10156333446502686,1.5803179282661117,1326.2209633861637,2204.472068820103,1.0,0.999
699.0931533621563,178685,0.999,98.59153747558594,0.0,0.0,601.500563472236,789.8089227691341,42,178685,139.06701149906547,10,1.7132010617921594,-572.8724975585938,0.0,82.00118255615234,1.0,0.0,0.0951400026679039,1.5803179282661117,582.6863306998576,1102.9752337966725,1.0,0.999
946.6398026521431,182820,0.999,105.02144622802734,0.0,0.0,777.901013084256,810.9981190539222,43,182820,49.36757317375509,10,1.7132010617921594,-599.6923828125,0.0,98.76471710205078,1.0,0.0,0.09365613013505936,1.5803179282661117,801.0396721445345,973.9875731924099,1.0,0.999
821.7860741974052,186984,0.999,212.13270568847656,0.0,0.0,679.1490309934368,832.2176466876844,44,186984,2.129656251242239,10,1.7132010617921594,-586.7714233398438,0.0,242.85952758789062,1.0,0.0,0.09926804900169373,1.5803179282661117,817.5303089084429,824.4768224594012,1.0,0.999
1007.7962952791265,191150,0.999,2478.671875,0.0,0.0,810.4966566634153,856.3453357413894,45,191150,142.70751990550835,10,1.7132010617921594,-633.0764770507812,0.0,2509.505615234375,1.0,0.0,0.0995073989033699,1.5803179282661117,860.448579805951,1371.0003513436886,1.0,0.999
1185.1377724024458,196064,0.999,124.19794464111328,0.0,0.0,948.2807982229799,888.2243786936718,46,196064,113.37447485929341,10,1.7132010617921594,-612.9859008789062,0.0,136.47097778320312,1.0,0.0,0.09874618798494339,1.5803179282661117,1060.2718270823482,1334.0921807903603,1.0,0.999
796.0851627184572,200172,0.999,306.5386962890625,0.0,0.0,663.6040301627806,901.9946705918662,47,200172,116.72333905920935,10,1.7132010617921594,-631.7968139648438,0.0,358.4685363769531,1.0,0.0,0.09867388755083084,1.5803179282661117,561.5434357779727,942.2557442110892,1.0,0.999
1292.6183260590424,204224,0.999,103.26288604736328,0.0,0.0,957.1703207902765,898.6605164007372,48,204224,10.05054675829917,10,1.7132010617921594,-626.4078979492188,0.0,122.10489654541016,1.0,0.0,0.0965893566608429,1.5803179282661117,1267.020505795516,1301.723969606734,1.0,0.999
982.9828937750568,208307,0.999,252.32852172851562,0.0,0.0,778.0702601544003,913.8070751970919,49,208307,17.586653331756164,10,1.7132010617921594,-638.1998291015625,0.0,366.1263427734375,1.0,0.0,0.09832962602376938,1.5803179282661117,955.6599206995021,1020.1252224568517,1.0,0.999
1376.9510385676263,212367,0.999,122.75422668457031,0.0,0.0,1012.1025953078633,951.658184806881,50,212367,29.03107004829573,10,1.7132010617921594,-668.2255859375,0.0,119.72063446044922,1.0,0.0,0.0982108861207962,1.5803179282661117,1296.1868875990353,1410.3348449513405,1.0,0.999
993.9931787675847,216727,0.999,1085.677001953125,0.0,0.0,761.0885505277427,968.2064793318917,51,216727,12.009719237375938,10,1.7132010617921594,-650.27587890625,0.0,941.48046875,1.0,0.0,0.09691774845123291,1.5803179282661117,966.8628372801077,1007.3257290446851,1.0,0.999
720.7878376303478,220863,0.999,1373.5931396484375,0.0,0.0,613.0596270437351,983.4501386918179,52,220863,4.414796890923271,10,1.7132010617921594,-627.5943603515625,0.0,1318.762451171875,1.0,0.0,0.09943950176239014,1.5803179282661117,710.9294866696443,726.4302837911424,1.0,0.999
942.3861752362367,225066,0.999,91.75177764892578,0.0,0.0,766.1759927877317,996.8948881517215,53,225066,12.600938383166671,10,1.7132010617921594,-724.2158813476562,0.0,81.98409271240234,1.0,0.0,0.1007906049489975,1.5803179282661117,920.0676217064248,960.5694586146117,1.0,0.999
1132.6406767219012,229229,0.999,149.0088348388672,0.0,0.0,849.3824403955772,1003.6616250023201,54,229229,20.397548310236925,10,1.7132010617921594,-707.461181640625,0.0,183.9102020263672,1.0,0.0,0.11121277511119843,1.5803179282661117,1096.6517762488004,1165.2308743912838,1.0,0.999
1239.0058117094184,233590,0.999,274.6838073730469,0.0,0.0,789.4575004155888,1028.1776888352067,55,233590,7.252676735230344,10,1.7132010617921594,-670.9300537109375,0.0,296.0414733886719,1.0,0.0,0.10871529579162598,1.5803179282661117,1224.966377502726,1249.105839321638,1.0,0.999
939.4286556775021,237934,0.999,338.5216369628906,0.0,0.0,783.3071174470181,1055.5987734917505,56,237934,5.092479974712756,10,1.7132010617921594,-711.5404052734375,0.0,398.63580322265625,1.0,0.0,0.10550964623689651,1.5803179282661117,928.2422852727669,946.2265792886824,1.0,0.999
1090.0528934166193,242537,0.999,95.28325653076172,0.0,0.0,804.2024398836677,1081.2965563002367,57,242537,52.643849065472445,10,1.7132010617921594,-728.3440551757812,0.0,69.90021514892578,1.0,0.0,0.10609383881092072,1.5803179282661117,1023.8002995732048,1141.5814811458438,1.0,0.999
929.3465165589278,246680,0.999,102.03569793701172,0.0,0.0,769.7768243884665,1104.9453202520197,58,246680,54.133010555748506,10,1.7132010617921594,-705.0377807617188,0.0,81.91252899169922,1.0,0.0,0.10896191745996475,1.5803179282661117,864.2589321344624,1003.8496809018377,1.0,0.999
1034.7631276240759,251119,0.999,126.6280746459961,0.0,0.0,833.784744768998,1128.5503381705848,59,251119,234.27134271083784,10,1.7132010617921594,-745.3566284179688,0.0,146.12066650390625,1.0,0.0,0.10969797521829605,1.5803179282661117,719.4716888618116,1430.4879245816635,1.0,0.999
1267.6409067972027,255351,0.999,165.09974670410156,0.0,0.0,970.8663186616188,1151.6562054580415,60,255351,36.84577535292035,10,1.7132010617921594,-769.8280029296875,0.0,240.9388427734375,1.0,0.0,0.10983560979366302,1.5803179282661117,1179.8945465343184,1303.974174730046,1.0,0.999
1632.116365413707,259702,0.999,157.9452362060547,0.0,0.0,1146.7083985833274,1167.2317719507191,61,259702,336.49665105010035,10,1.7132010617921594,-732.6448974609375,0.0,150.82586669921875,0.9,0.0,0.10615648329257965,1.5803179282661117,1334.095246711634,2297.632959195506,1.0,0.999
2256.0218695533713,263915,0.999,486.688232421875,0.0,0.0,1368.8611690430794,1205.1727572389948,62,263915,128.37536562866583,10,1.7132010617921594,-746.5543212890625,0.0,378.4505615234375,0.2,0.0,0.10521827638149261,1.5803179282661117,2025.4381709339343,2444.374947367515,1.0,0.999
1956.4515113027605,268190,0.999,415.7672424316406,0.0,0.0,1241.218518542288,1225.1811035787973,63,268190,31.47681855936983,10,1.7132010617921594,-829.059814453125,0.0,417.12091064453125,0.1,0.0,0.10743299871683121,1.5803179282661117,1903.0916775057851,2012.988076350948,1.0,0.999
853.2321889933216,272498,0.999,120.58002471923828,0.0,0.0,631.6000274474097,1256.2566615005373,64,272498,455.116118950688,10,1.7132010617921594,-803.8388671875,0.0,209.89990234375,0.7,0.0,0.09828042984008789,1.5803179282661117,542.2729875242449,1583.2259589816501,1.0,0.999
1479.7710602997772,276720,0.999,96.63726806640625,0.0,0.0,921.0419492583678,1208.8539247915585,65,276720,21.87160701898868,10,1.7132010617921594,-841.4225463867188,0.0,78.99708557128906,0.0,0.0,0.09849802404642105,1.5803179282661117,1452.9744729317092,1528.317845016774,1.0,0.999
643.5635118959057,280720,0.999,371.1589660644531,0.0,0.0,468.0669515794636,1219.5600139378612,66,280720,533.7991596128496,10,1.7132010617921594,-787.7796020507812,0.0,307.7580871582031,0.7,0.0,0.10108070075511932,1.5803179282661117,274.8862771791284,1478.6744985301634,1.0,0.999
185.67672749586683,284961,0.999,89.4237060546875,0.0,0.0,175.37126093703432,1192.3136494481246,67,284961,27.849619067180928,10,1.7132010617921594,-812.9744262695312,0.0,85.07893371582031,1.0,0.0,0.1003560870885849,1.5803179282661117,156.14991411655322,250.13956542067098,1.0,0.999
476.060868599198,289130,0.999,298.6611328125,0.0,0.0,427.3987387322183,1141.1539144465146,68,289130,9.912564369092928,10,1.7132010617921594,-813.4024047851562,0.0,251.47256469726562,1.0,0.0,0.10424569994211197,1.5803179282661117,463.0543520277572,488.74092984588407,1.0,0.999
1586.7425896438276,293624,0.999,5646.85888671875,0.0,0.0,1020.8764387227833,1141.7268237531798,69,293624,29.73598620080751,10,1.7132010617921594,-870.2872314453125,0.0,5806.75,0.0,0.0,0.1061122789978981,1.5803179282661117,1563.0718970943487,1673.8091025378328,1.0,0.999
365.1875160989563,297624,0.999,144.1585235595703,0.0,0.0,319.0902878387745,1166.8406096006588,70,297624,136.06999071448834,10,1.7132010617921594,-846.9154663085938,0.0,154.10133361816406,1.0,0.0,0.11185847967863083,1.5803179282661117,300.1431257285489,771.617378230982,1.0,0.999
286.065322831058,301873,0.999,639.9532470703125,0.0,0.0,265.0939691815062,1149.633662246106,71,301873,0.7302249424388845,10,1.7132010617921594,-829.0797729492188,0.0,650.9581909179688,1.0,0.0,0.10647705942392349,1.5803179282661117,284.78975232746666,287.3339789134121,1.0,0.999
1689.1984632051342,305945,0.999,2567.08251953125,0.0,0.0,1070.5390339618664,1122.2332110486395,72,305945,14.447335178261008,10,1.7132010617921594,-859.6727294921875,0.0,2426.8837890625,0.0,0.0,0.10375308990478516,1.5803179282661117,1679.1702300441655,1731.3083063497238,1.0,0.999
991.2131034970882,310502,0.999,264.9027099609375,0.0,0.0,786.5084967630954,1143.5047524921881,73,310502,64.22262320959116,10,1.7132010617921594,-826.4834594726562,0.0,255.20863342285156,1.0,0.0,0.11146774142980576,1.5803179282661117,946.769035579758,1118.9666237483161,1.0,0.999
332.03603420669,314972,0.999,146.45164489746094,0.0,0.0,305.09011708101315,1165.4198834818237,74,314972,1.2050651507382344,10,1.7132010617921594,-873.900146484375,0.0,77.16963195800781,1.0,0.0,0.1120072603225708,1.5803179282661117,330.2445098179965,333.99017076606987,1.0,0.999
1204.273884523092,319879,0.999,436.8901062011719,0.0,0.0,878.4645146968174,1151.4322638200997,75,319879,356.93755489459727,10,1.7132010617921594,-810.6028442382812,0.0,436.1476745605469,0.9,0.0,0.11539832502603531,1.5803179282661117,883.111048726632,1882.4913938454242,1.0,0.999
1499.7114943585498,324370,0.999,193.1385040283203,0.0,0.0,1083.1934018987529,1154.7230588225505,76,324370,480.2382016603773,10,1.7132010617921594,-870.2415771484375,0.0,167.91238403320312,1.0,0.0,0.11062750965356827,1.5803179282661117,1093.5317686050103,2473.4504792152707,1.0,0.999
2017.4489746586412,328688,0.999,320.0287170410156,0.0,0.0,1274.691946557646,1170.7159897311672,77,328688,17.479173741284765,10,1.7132010617921594,-932.0814819335938,0.0,271.4993896484375,0.0,0.0,0.1102098748087883,1.5803179282661117,1995.3314041644094,2054.287518701103,1.0,0.999
1915.9631243860435,333346,0.999,298.303955078125,0.0,0.0,1237.0878798403683,1199.3058444318708,78,333346,251.12923154019512,10,1.7132010617921594,-877.7144775390625,0.0,223.64089965820312,0.5,0.0,0.10944460332393646,1.5803179282661117,1288.0367647366897,2131.5867330173783,1.0,0.999
1528.0523148642656,337912,0.999,426.1352233886719,0.0,0.0,1098.3033863292228,1232.6921961841558,79,337912,394.7748556996804,10,1.7132010617921594,-912.5007934570312,0.0,483.3437194824219,0.9,0.0,0.11098077148199081,1.5803179282661117,805.4166694157561,2237.082727663482,1.0,0.999
982.5543486295094,342160,0.999,433.72332763671875,0.0,0.0,777.4255285595707,1257.660230433459,80,342160,369.9584500869136,10,1.7132010617921594,-930.0628051757812,0.0,603.0780029296875,1.0,0.0,0.11055900901556015,1.5803179282661117,812.4195023022879,2087.2173355281575,1.0,0.999
1004.3433595155391,346422,0.999,676.7109985351562,0.0,0.0,822.0225415660619,1255.1194868058801,81,346422,11.388377759683694,10,1.7132010617921594,-932.94677734375,0.0,640.3202514648438,1.0,0.0,0.10439293831586838,1.5803179282661117,982.6012314805093,1020.5197492813894,1.0,0.999
1454.8821261839607,350587,0.999,408.4718017578125,0.0,0.0,1027.9306994517005,1267.5283219773055,82,350587,463.40361412845994,10,1.7132010617921594,-865.606689453125,0.0,291.3894348144531,0.7,0.0,0.10445154458284378,1.5803179282661117,927.6402640272333,2064.1176791963535,1.0,0.999
1356.5015877104258,354916,0.999,327.0364990234375,0.0,0.0,984.4187647416893,1270.7731756277312,83,354916,286.9997208499409,10,1.7132010617921594,-959.1580200195312,0.0,379.3716735839844,0.9,0.0,0.11667918413877487,1.5803179282661117,988.0553889610538,2064.4454552844354,1.0,0.999
2113.8342743551857,359179,0.999,415.0384521484375,0.0,0.0,1375.8665882840262,1287.0433881306012,84,359179,398.1575919298617,10,1.7132010617921594,-886.7988891601562,0.0,335.7406005859375,0.3,0.0,0.12684258818626404,1.5803179282661117,1448.6185725387563,2480.5535722752975,1.0,0.999
811.9864928317891,363309,0.999,180.26280212402344,0.0,0.0,658.7442472015816,1314.6593171208044,85,363309,343.5317729264394,10,1.7132010617921594,-933.077880859375,0.0,165.66928100585938,1.0,0.0,0.13178174197673798,1.5803179282661117,665.2907924512591,1839.7478455865946,1.0,0.999
843.9335049651481,367488,0.999,524.1371459960938,0.0,0.0,705.3324395068876,1299.6810498125258,86,367488,14.303808615669373,10,1.7132010617921594,-954.0250854492188,0.0,628.3867797851562,1.0,0.0,0.13373932242393494,1.5803179282661117,808.0144737084969,858.8267563042215,1.0,0.999
1035.7132971820106,371834,0.999,294.6390686035156,0.0,0.0,837.6076259391308,1300.444030527098,87,371834,189.2595571184534,10,1.7132010617921594,-992.5731201171875,0.0,343.6029052734375,1.0,0.0,0.12926702201366425,1.5803179282661117,909.320863239709,1546.0400871074498,1.0,0.999
1498.7328093147728,375855,0.999,408.8434753417969,0.0,0.0,932.6657450974905,1304.8744286307272,88,375855,123.69626886379761,10,1.7132010617921594,-921.78173828125,0.0,506.9100341796875,0.0,0.0,0.1268768310546875,1.5803179282661117,1391.1795261150353,1722.4184333424103,1.0,0.999
768.559343901697,380149,0.999,859.9921264648438,0.0,0.0,641.2982292052504,1306.7984988479234,89,380149,39.570026961592056,10,1.7132010617921594,-962.6734619140625,0.0,922.458740234375,1.0,0.0,0.13805298507213593,1.5803179282661117,692.1832890533996,803.5886856677665,1.0,0.999
925.6983410203254,384454,0.999,426.2652282714844,0.0,0.0,764.6211027490898,1291.6917926652702,90,384454,43.29605676874883,10,1.7132010617921594,-880.2150268554688,0.0,436.02459716796875,1.0,0.0,0.14227919280529022,1.5803179282661117,807.7304599547595,971.4366748725682,1.0,0.999
2332.2325887038874,389074,0.999,98.91150665283203,0.0,0.0,1461.8517389263532,1292.5537481494143,91,389074,12.428692374604474,10,1.7132010617921594,-981.4132080078125,0.0,108.6873779296875,0.0,0.0,0.1439809501171112,1.5803179282661117,2315.1654397153347,2353.0389040995537,1.0,0.999
1044.3733277145836,394003,0.999,129.3525390625,0.0,0.0,672.8458974463549,1303.3359658383815,92,394003,0.757816145290249,10,1.7132010617921594,-978.7733154296875,0.0,136.10720825195312,0.0,0.0,0.14298126101493835,1.5803179282661117,1043.2473934331256,1045.6562126075282,1.0,0.999
1031.6914546832018,398208,0.999,362.935302734375,0.0,0.0,660.9177324920516,1308.025059129256,93,398208,0.552140806241476,10,1.7132010617921594,-991.048095703125,0.0,362.1228942871094,0.0,0.0,0.1365205943584442,1.5803179282661117,1030.466593606608,1032.4016814039694,1.0,0.999
994.1913882087856,402208,0.999,188.56097412109375,0.0,0.0,806.7907318133309,1282.7169476144868,94,402208,233.95440248728394,10,1.7132010617921594,-976.477783203125,0.0,173.8755645751953,1.0,0.0,0.13614152371883392,1.5803179282661117,832.5635299230406,1631.0782011788806,1.0,0.999
1036.211856393039,406346,0.999,4108.115234375,0.0,0.0,664.2299649740323,1313.7810280333672,95,406346,0.4852167412676799,10,1.7132010617921594,-1030.003173828125,0.0,4308.18359375,0.0,0.0,0.1336616426706314,1.5803179282661117,1035.1633847265384,1036.9096086383788,1.0,0.999
1037.7925338424802,410346,0.999,398.4192810058594,0.0,0.0,665.1607143440418,1291.9376264748737,96,410346,0.4532818859469313,10,1.7132010617921594,-956.5604858398438,0.0,274.59063720703125,0.0,0.0,0.1383175402879715,1.5803179282661117,1036.8617118011896,1038.5476984113336,1.0,0.999
1054.8553919716435,414346,0.999,8036.60498046875,0.0,0.0,680.8661534965765,1294.5840202355516,97,414346,0.36871973324051827,10,1.7132010617921594,-928.047119140625,0.0,8428.0009765625,0.0,0.0,0.13780198991298676,1.5803179282661117,1054.3871918609123,1055.6629578469167,1.0,0.999
2296.165179440598,418890,0.999,228.85012817382812,0.0,0.0,1427.8831781052254,1325.2570272284424,98,418890,69.87826473862643,10,1.7132010617921594,-1021.2310791015625,0.0,251.83734130859375,0.2,0.0,0.13649551570415497,1.5803179282661117,2224.8029453274025,2480.8513113434665,1.0,0.999
2359.4327481778155,422890,0.999,277.3167724609375,0.0,0.0,1490.9387512171143,1367.2066785084264,99,422890,216.48453354099914,10,1.7132010617921594,-1079.2137451171875,0.0,205.19692993164062,0.1,0.0,0.13023705780506134,1.5803179282661117,1719.764712766025,2528.381606523459,1.0,0.999
2456.4052077393653,426890,0.999,126.59425354003906,0.0,0.0,1534.9503617411347,1394.4912466696621,100,426890,12.239298421091496,10,1.7132010617921594,-1035.678466796875,0.0,163.73077392578125,0.0,0.0,0.12096215784549713,1.5803179282661117,2444.7333002891555,2485.860912107457,1.0,0.999
2242.1574569112117,430890,0.999,476.0411682128906,0.0,0.0,1438.2145459238568,1455.0401018959008,101,430890,457.39323717296617,10,1.7132010617921594,-1059.1290283203125,0.0,481.5485534667969,0.2,0.0,0.12561963498592377,1.5803179282661117,1252.8110127748982,2630.8851398515426,1.0,0.999
2278.064034129203,435446,0.999,4085.526123046875,0.0,0.0,1425.2598888630068,1516.9327376287176,102,435446,9.21095382054563,10,1.7132010617921594,-1040.1195068359375,0.0,4535.66748046875,0.0,0.0,0.12728101015090942,1.5803179282661117,2264.3180270431717,2292.84517584339,1.0,0.999
2385.391868549401,439446,0.999,280.7520446777344,0.0,0.0,1478.3438131811304,1542.1895598038598,103,439446,20.326281571027046,10,1.7132010617921594,-1043.65673828125,0.0,272.6681823730469,0.0,0.0,0.13101795315742493,1.5803179282661117,2358.119253260518,2416.5940084635017,1.0,0.999
2148.5978688528685,443446,0.999,506.218017578125,0.0,0.0,1387.395882500392,1568.0151606596976,104,443446,483.08844706734703,10,1.7132010617921594,-1076.8114013671875,0.0,322.71929931640625,0.3,0.0,0.13052546977996826,1.5803179282661117,888.0758527431985,2427.3071343232095,1.0,0.999
2630.232561574144,447446,0.999,1633.2965087890625,0.0,0.0,1650.3420616254377,1621.290569927191,105,447446,17.232740959802545,10,1.7132010617921594,-1062.654052734375,0.0,2132.402587890625,0.0,0.0,0.12734857201576233,1.5803179282661117,2603.468846966383,2662.7478047508534,1.0,0.999
2435.375377882551,451446,0.999,156.98504638671875,0.0,0.0,1505.9471516848716,1668.6115571835408,106,451446,59.7419518456776,10,1.7132010617921594,-1080.166748046875,0.0,113.24665832519531,0.2,0.0,0.12194591015577316,1.5803179282661117,2325.7305219470013,2545.268907188797,1.0,0.999
2347.721069963194,455446,0.999,76.50408935546875,0.0,0.0,1469.041849660586,1700.3948948070865,107,455446,15.845356744406262,10,1.7132010617921594,-1078.973388671875,0.0,105.531494140625,0.0,0.0,0.12205588817596436,1.5803179282661117,2313.961527158323,2372.194707508373,1.0,0.999
2168.9856163384334,459446,0.999,529.3722534179688,0.0,0.0,1357.2362659460437,1723.832240477168,108,459446,111.55795835281991,10,1.7132010617921594,-1134.5826416015625,0.0,522.9467163085938,0.0,0.0,0.12210266292095184,1.5803179282661117,2060.183271015412,2362.5901646885163,1.0,0.999
2383.5425716956056,464430,0.999,395.6419677734375,0.0,0.0,1488.7477763587945,1746.1691083697458,109,464430,22.50131258504119,10,1.7132010617921594,-1009.1573486328125,0.0,426.5144348144531,0.0,0.0,0.11766930669546127,1.5803179282661117,2354.250308259143,2440.614772066137,1.0,0.999
1645.2055043071982,468747,0.999,347.57159423828125,0.0,0.0,1148.6625519488211,1749.8737257315076,110,468747,651.6180606625726,10,1.7132010617921594,-1123.50390625,0.0,326.5623779296875,0.7,0.0,0.11654172837734222,1.5803179282661117,958.1761933048101,2513.3067283246187,1.0,0.999
2148.759104296902,472953,0.999,717.220703125,0.0,0.0,1382.5552713831112,1752.9031243512327,111,472953,391.65692334443145,10,1.7132010617921594,-1094.163818359375,0.0,588.7304077148438,0.3,0.0,0.11882452666759491,1.5803179282661117,1308.2064890532442,2484.5981099205187,1.0,0.999
2353.282023771212,477061,0.999,272.7457275390625,0.0,0.0,1492.5363740510525,1766.7854811349391,112,477061,309.1089923283597,10,1.7132010617921594,-1113.131103515625,0.0,240.74708557128906,0.2,0.0,0.10773641616106033,1.5803179282661117,1447.036243400233,2633.339913054638,1.0,0.999
1793.8319018261416,481713,0.999,232.88031005859375,0.0,0.0,1051.1627555206849,1796.005618774281,113,481713,15.844126308910175,10,1.7132010617921594,-1176.20654296875,0.0,206.83932495117188,0.0,0.0,0.10665404796600342,1.5803179282661117,1778.589700124661,1834.8213883987862,1.0,0.999
1046.4260083948866,486467,0.999,218.8435821533203,0.0,0.0,672.3530864727612,1813.420368287005,114,486467,0.6183108215181692,10,1.7132010617921594,-1196.5836181640625,0.0,136.06903076171875,0.0,0.0,0.1034659743309021,1.5803179282661117,1045.4841371153827,1047.3288120357772,1.0,0.999
2371.149304948222,490467,0.999,242.1309356689453,0.0,0.0,1494.7543284948622,1786.1206802281922,115,490467,13.667822425486943,10,1.7132010617921594,-1177.2392578125,0.0,255.5063934326172,0.0,0.0,0.10482165962457657,1.5803179282661117,2341.1287289298857,2388.12910951078,1.0,0.999
1307.5406830828592,494702,0.999,322.6905822753906,0.0,0.0,950.2689953634283,1822.0284916880053,116,494702,381.25040793424023,10,1.7132010617921594,-1148.412109375,0.0,255.1985321044922,0.9,0.0,0.1042642667889595,1.5803179282661117,1029.5438886934196,2082.006914436234,1.0,0.999
1054.423821800854,499460,0.999,281.54412841796875,0.0,0.0,677.5793879630321,1822.352112160451,117,499460,0.5366647252321577,10,1.7132010617921594,-1117.4368896484375,0.0,204.49649047851562,0.0,0.0,0.11007750034332275,1.5803179282661117,1053.4231275738214,1055.2264309020522,1.0,0.999
1531.4251177453025,503604,0.999,366.9461364746094,0.0,0.0,955.8214912962342,1814.2817720114274,118,503604,93.88009502140815,10,1.7132010617921594,-1175.455078125,0.0,410.4269714355469,0.0,0.0,0.10995440185070038,1.5803179282661117,1489.4024662858121,1810.171958800714,1.0,0.999
1853.0644071458614,507622,0.999,195.91116333007812,0.0,0.0,1245.0842392103955,1820.7582590436446,119,507622,352.36133884304616,10,1.7132010617921594,-1227.5341796875,0.0,194.6041259765625,0.8,0.0,0.11668452620506287,1.5803179282661117,1361.258790264573,2505.790816173881,1.0,0.999
1058.5328046648747,511981,0.999,420.83905029296875,0.0,0.0,680.6206191407675,1842.8540870887432,120,511981,0.5570378120302802,10,1.7132010617921594,-1224.9794921875,0.0,363.3614501953125,0.0,0.0,0.11728155612945557,1.5803179282661117,1057.8246363968494,1059.3162077866534,1.0,0.999
1623.1530272774555,516703,0.999,159.6408233642578,0.0,0.0,1149.5061755746297,1851.5340851550584,121,516703,340.0836144361066,10,1.7132010617921594,-1181.300537109375,0.0,135.0951385498047,0.8,0.0,0.11535244435071945,1.5803179282661117,1167.1582164801027,2264.211021899096,1.0,0.999
1155.485680508184,520876,0.999,603.20361328125,0.0,0.0,898.1011033060888,1827.6298719536944,122,520876,425.87448054341496,10,1.7132010617921594,-1170.74560546875,0.0,521.1719360351562,1.0,0.0,0.10102630406618118,1.5803179282661117,807.4803960404223,1892.1271509246508,1.0,0.999
2101.4233167480734,524876,0.999,269.507568359375,0.0,0.0,1262.461845367961,1858.9781021001043,123,524876,295.4224617181219,10,1.7132010617921594,-1121.65673828125,0.0,486.2027893066406,0.4,0.0,0.0959155485033989,1.5803179282661117,1355.2114254858732,2395.3618284246827,1.0,0.999
1525.2920734541508,529072,0.999,292.9533386230469,0.0,0.0,1041.7771845729158,1892.0248816044614,124,529072,185.07829333176966,10,1.7132010617921594,-1144.416259765625,0.0,336.8972473144531,0.8,0.0,0.09697183966636658,1.5803179282661117,1173.8886563974738,1731.5767914636162,1.0,0.999
1629.3729789848026,533072,0.999,111.10147094726562,0.0,0.0,1107.7775140798453,1910.3205730835957,125,533072,308.57336531796824,10,1.7132010617921594,-1246.188232421875,0.0,72.5916519165039,0.8,0.0,0.09178110957145691,1.5803179282661117,1178.7216120824057,2177.9696164143243,1.0,0.999
1567.8350047702365,537442,0.999,491.575927734375,0.0,0.0,1074.770402925899,1917.9811051791237,126,537442,742.8563850452483,10,1.7132010617921594,-1231.822021484375,0.0,447.5536193847656,0.5,0.0,0.09052569419145584,1.5803179282661117,792.3530344191792,2359.9860208562477,1.0,0.999
2227.0219576973923,542365,0.999,62.93785095214844,0.0,0.0,1404.902626657189,1948.2766526193277,127,542365,28.69276255709302,10,1.7132010617921594,-1253.0391845703125,0.0,110.66336822509766,0.0,0.0,0.09152155369520187,1.5803179282661117,2210.606974705235,2311.4063409631285,1.0,0.999
2077.1931169061872,546365,0.999,281.68701171875,0.0,0.0,1302.406053232566,1973.2152498063324,128,546365,38.066185476157415,10,1.7132010617921594,-1231.2518310546875,0.0,286.2434387207031,0.0,0.0,0.09352953732013702,1.5803179282661117,2014.0689330566868,2128.319094071182,1.0,0.999
1060.6449649150886,550365,0.999,222.59805297851562,0.0,0.0,686.0758595652452,1967.539104036262,129,550365,0.6079395534464664,10,1.7132010617921594,-1305.5927734375,0.0,241.9191436767578,0.0,0.0,0.09505454450845718,1.5803179282661117,1059.418318936239,1061.6427069089468,1.0,0.999
1059.5506400700474,554365,0.999,282.35748291015625,0.0,0.0,685.7589195064648,1942.0018833197325,130,554365,0.7841493627432352,10,1.7132010617921594,-1235.77734375,0.0,210.7410888671875,0.0,0.0,0.08964775502681732,1.5803179282661117,1058.2706833598138,1060.638137112638,1.0,0.999
1100.98828150011,558365,0.999,170.03126525878906,0.0,0.0,832.2680581521838,1914.8816785603874,131,558365,219.82456939792874,10,1.7132010617921594,-1251.3267822265625,0.0,159.86192321777344,0.9,0.0,0.09346861392259598,1.5803179282661117,889.1796435537951,1572.1413695640936,1.0,0.999
2287.9276313440446,563055,0.999,217.27639770507812,0.0,0.0,1437.4713656617282,1905.3969938647122,132,563055,26.75708489443615,10,1.7132010617921594,-1285.3472900390625,0.0,211.63314819335938,0.0,0.0,0.09546738117933273,1.5803179282661117,2257.7938106393253,2333.44868763517,1.0,0.999
2211.193250066005,567714,0.999,1140.71826171875,0.0,0.0,1403.968403120438,1902.159834019425,133,567714,75.01845338225992,10,1.7132010617921594,-1262.5328369140625,0.0,1264.41162109375,0.0,0.0,0.09281367808580399,1.5803179282661117,2122.9688973134357,2339.2692693515746,1.0,0.999
2228.1196572582217,571714,0.999,125.99015808105469,0.0,0.0,1403.8684090376614,1898.358824470581,134,571714,0.5651567213405853,10,1.7132010617921594,-1265.6939697265625,0.0,235.08544921875,0.0,0.0,0.0972260981798172,1.5803179282661117,2227.063052264523,2229.061078151946,1.0,0.999
2125.769033981075,575714,0.999,678.3950805664062,0.0,0.0,1332.8255460732137,1892.4951768499557,135,575714,33.28139483043022,10,1.7132010617921594,-1298.08740234375,0.0,902.2162475585938,0.0,0.0,0.0968305841088295,1.5803179282661117,2072.1941665946338,2200.7200113368704,1.0,0.999
2236.810600538924,579714,0.999,236.36935424804688,0.0,0.0,1406.845661788125,1873.300190565346,136,579714,6.356573574657471,10,1.7132010617921594,-1301.4066162109375,0.0,82.49063873291016,0.0,0.0,0.0897795557975769,1.5803179282661117,2231.3529734453664,2253.633708991106,1.0,0.999
2210.8823516074,583714,0.999,858.15234375,0.0,0.0,1396.372351864585,1868.319664376542,137,583714,19.09087766133097,10,1.7132010617921594,-1297.370361328125,0.0,772.2053833007812,0.0,0.0,0.08405114710330963,1.5803179282661117,2183.930565337444,2251.6823650335095,1.0,0.999
2162.8892922615155,588096,0.999,211.810546875,0.0,0.0,1355.517308276319,1852.200509961091,138,588096,30.943530840939786,10,1.7132010617921594,-1290.7562255859375,0.0,201.04185485839844,0.0,0.0,0.08151806890964508,1.5803179282661117,2133.6428610732414,2240.9413667052213,1.0,0.999
2111.053744117688,592096,0.999,401.774658203125,0.0,0.0,1325.8041805757182,1845.3026611593173,139,592096,5.592637557026004,10,1.7132010617921594,-1301.90869140625,0.0,319.9447021484375,0.0,0.0,0.07408466935157776,1.5803179282661117,2101.453708242053,2122.159295854501,1.0,0.999
2170.6895177134684,596096,0.999,438.1730651855469,0.0,0.0,1369.0594542712197,1845.7909875204011,140,596096,6.6646667020156345,10,1.7132010617921594,-1366.9752197265625,0.0,364.2107849121094,0.0,0.0,0.07043840736150742,1.5803179282661117,2156.410799928423,2182.2875374909045,1.0,0.999
1513.654064571346,600096,0.999,507.56842041015625,0.0,0.0,1028.3607454672067,1877.6402180637076,141,600096,392.0154627904369,10,1.7132010617921594,-1303.0382080078125,0.0,588.5476684570312,0.6,0.0,0.07605037838220596,1.5803179282661117,1061.3247165655166,1966.3791464873314,1.0,0.999
1063.0167498636529,604096,0.999,157.69137573242188,0.0,0.0,689.6069391108128,1875.7935563472092,142,604096,0.7904106604015069,10,1.7132010617921594,-1328.30419921875,0.0,106.13552856445312,0.0,0.0,0.0723341554403305,1.5803179282661117,1061.570567973025,1064.2475983258867,1.0,0.999
2300.8603559684916,608096,0.999,313.6551208496094,0.0,0.0,1446.3573781077441,1886.173285154812,143,608096,30.20198279908087,10,1.7132010617921594,-1334.89013671875,0.0,184.6011505126953,0.0,0.0,0.07169148325920105,1.5803179282661117,2271.6606307094353,2357.8658295562095,1.0,0.999
2288.160318660905,612521,0.999,177.20245361328125,0.0,0.0,1436.2580308945066,1899.4847704954404,144,612521,0.9127397813757073,10,1.7132010617921594,-1312.774169921875,0.0,178.2043914794922,0.0,0.0,0.0701046884059906,1.5803179282661117,2286.40005222319,2289.3482472735327,1.0,0.999
1022.2408354676052,616521,0.999,505.45025634765625,0.0,0.0,652.916334414192,1933.6676639433801,145,616521,0.6126313673043497,10,1.7132010617921594,-1379.86279296875,0.0,605.6666259765625,0.0,0.0,0.06696771830320358,1.5803179282661117,1020.7147051948245,1023.231914465551,1.0,0.999
2149.8287746067244,621215,0.999,259.0806579589844,0.0,0.0,1347.7817096341137,1921.8590914586566,146,621215,4.802147916737565,10,1.7132010617921594,-1273.318603515625,0.0,161.66746520996094,0.0,0.0,0.06185034289956093,1.5803179282661117,2142.5516335469642,2156.6998516572075,1.0,0.999
2147.41895195869,625215,0.999,575.83154296875,0.0,0.0,1345.823570607986,1952.8855220971984,147,625215,59.222450025511456,10,1.7132010617921594,-1377.9715576171875,0.0,430.87408447265625,0.0,0.0,0.058945782482624054,1.5803179282661117,2090.007918239012,2253.635696194189,1.0,0.999
1019.1178538170454,629215,0.999,278.17498779296875,0.0,0.0,649.8399599666475,1991.8752753907595,148,629215,0.6107206752245186,10,1.7132010617921594,-1392.216796875,0.0,285.81927490234375,0.0,0.0,0.0563511848449707,1.5803179282661117,1018.1362233237692,1019.95012231036,1.0,0.999
2093.2867743880024,633925,0.999,1041.3675537109375,0.0,0.0,1314.4223205072897,1989.4278110894031,149,633925,1.59367915837252,10,1.7132010617921594,-1350.4814453125,0.0,920.5147094726562,0.0,0.0,0.05093476548790932,1.5803179282661117,2090.135408318718,2096.6655361711346,1.0,0.999
2309.287599132571,637925,0.999,155.83543395996094,0.0,0.0,1449.3162131310066,2013.3530340420596,150,637925,2.1831326615248337,10,1.7132010617921594,-1368.41748046875,0.0,232.80763244628906,0.0,0.0,0.05165407061576843,1.5803179282661117,2305.874732807993,2311.9270629057332,1.0,0.999
2155.9761841182954,641925,0.999,199.9324188232422,0.0,0.0,1361.8007029089952,2044.801632394247,151,641925,0.8152362492495926,10,1.7132010617921594,-1348.983642578125,0.0,219.09231567382812,0.0,0.0,0.0548345148563385,1.5803179282661117,2154.733928072096,2157.234365840702,1.0,0.999
2170.34057061898,645925,0.999,245.88400268554688,0.0,0.0,1392.9786356545337,2075.350641301101,152,645925,382.9677033112474,10,1.7132010617921594,-1419.019775390625,0.0,149.98114013671875,0.4,0.0,0.0589318722486496,1.5803179282661117,1200.472878874447,2494.5105710234975,1.0,0.999
2264.024518018803,650642,0.999,225.43190002441406,0.0,0.0,1416.4176537554058,2060.5485483382017,153,650642,1.240673094163363,10,1.7132010617921594,-1381.59228515625,0.0,261.52447509765625,0.0,0.0,0.05985046550631523,1.5803179282661117,2261.7461492671514,2265.796593450385,1.0,0.999
2160.587824099096,654642,0.999,201.61851501464844,0.0,0.0,1339.0067614033244,2068.605124253596,154,654642,103.41799980387292,10,1.7132010617921594,-1383.1162109375,0.0,174.23446655273438,0.2,0.0,0.05716894939541817,1.5803179282661117,2050.6130237648727,2375.4530866793116,1.0,0.999
862.5829080595583,658642,0.999,240.8029022216797,0.0,0.0,730.9036890609577,2066.4094120091545,155,658642,156.50643902293754,10,1.7132010617921594,-1441.6309814453125,0.0,360.0235290527344,1.0,0.0,0.05891686677932739,1.5803179282661117,780.0709947061453,1179.7290476212443,1.0,0.999
2212.435940073454,662960,0.999,308.226318359375,0.0,0.0,1390.3279714138455,2056.288035221067,156,662960,1.1369225432777188,10,1.7132010617921594,-1483.026123046875,0.0,762.3313598632812,0.0,0.0,0.05748036876320839,1.5803179282661117,2211.1563418158544,2215.0573364812635,1.0,0.999
1855.4782533175326,666960,0.999,146.12954711914062,0.0,0.0,1171.8461737779257,2065.402249330367,157,666960,6.114383219273309,10,1.7132010617921594,-1402.3369140625,0.0,136.1129608154297,0.0,0.0,0.06098282337188721,1.5803179282661117,1848.7945478720474,1868.2471302536842,1.0,0.999
833.027607598854,670960,0.999,199.32196044921875,0.0,0.0,691.828894195001,2055.3976110062204,158,670960,48.357750250027884,10,1.7132010617921594,-1429.7508544921875,0.0,228.31504821777344,1.0,0.0,0.06534403562545776,1.5803179282661117,743.8487401171512,934.347828746691,1.0,0.999
2122.4886563693703,675257,0.999,210.84793090820312,0.0,0.0,1329.1107445016548,2030.137568108714,159,675257,43.26759878623591,10,1.7132010617921594,-1420.39013671875,0.0,227.9955596923828,0.0,0.0,0.06083352863788605,1.5803179282661117,2080.1130858470483,2226.026401803108,1.0,0.999
2184.4743651132735,679257,0.999,427.3020324707031,0.0,0.0,1362.5230629730818,2046.5194389504263,160,679257,5.994340742848267,10,1.7132010617921594,-1400.2110595703125,0.0,457.62750244140625,0.0,0.0,0.06279783695936203,1.5803179282661117,2174.204409037346,2192.2942569066067,1.0,0.999
1466.5176943865433,683368,0.999,92.73918151855469,0.0,0.0,932.9890022217967,2052.474130296278,161,683368,129.41396433018292,10,1.7132010617921594,-1353.8245849609375,0.0,119.90221405029297,0.0,0.0,0.056106459349393845,1.5803179282661117,1346.9204237131642,1802.4074452742911,1.0,0.999
2071.2070986376148,687368,0.999,199.50144958496094,0.0,0.0,1301.0494503817417,2041.277636649395,162,687368,2.9037637373167655,10,1.7132010617921594,-1370.0867919921875,0.0,221.89981079101562,0.0,0.0,0.05605604872107506,1.5803179282661117,2067.6603022231093,2076.643228093447,1.0,0.999
1035.634016652164,691368,0.999,2127.685302734375,0.0,0.0,664.9066892101505,2039.2107293047818,163,691368,0.5392183521083572,10,1.7132010617921594,-1454.658447265625,0.0,1647.9951171875,0.0,0.0,0.056173570454120636,1.5803179282661117,1034.8791785181413,1036.5679282636809,1.0,0.999
2207.5316835988997,695666,0.999,399.2132568359375,0.0,0.0,1387.4150531201512,1996.1764460878376,164,695666,12.944338435625099,10,1.7132010617921594,-1394.3807373046875,0.0,292.04449462890625,0.0,0.0,0.052936356514692307,1.5803179282661117,2181.442299366746,2224.938546776828,1.0,0.999
2403.7906284063542,699666,0.999,433.83612060546875,0.0,0.0,1503.082059529825,1993.615008608063,165,699666,3.819359950388689,10,1.7132010617921594,-1373.6319580078125,0.0,552.1934814453125,0.0,0.0,0.05498843640089035,1.5803179282661117,2397.7052564282426,2409.5790947227997,1.0,0.999
1897.5105035651347,703666,0.999,149.92184448242188,0.0,0.0,1192.188391985448,2003.2090496493652,166,703666,56.621471095890115,10,1.7132010617921594,-1484.025146484375,0.0,99.54299926757812,0.2,0.0,0.06085024029016495,1.5803179282661117,1776.4707236068245,1979.4899259563915,1.0,0.999
2453.872351128451,708098,0.999,115.38493347167969,0.0,0.0,1560.8065757741538,1985.7316583472652,167,708098,185.73114427725056,10,1.7132010617921594,-1487.757080078125,0.0,187.5504608154297,0.1,0.0,0.060537904500961304,1.5803179282661117,1901.9081718821121,2559.5994219617305,1.0,0.999
2170.268585435344,712598,0.999,215.37109375,0.0,0.0,1364.227317354338,2000.444861647461,168,712598,3.38593266810347,10,1.7132010617921594,-1501.6805419921875,0.0,275.2616882324219,0.0,0.0,0.05893546715378761,1.5803179282661117,2164.733428776808,2176.295873187441,1.0,0.999
2140.6409985527034,716598,0.999,747.324951171875,0.0,0.0,1344.0400368597177,1998.4715478171752,169,716598,3.2307988607388873,10,1.7132010617921594,-1473.73681640625,0.0,904.1683349609375,0.0,0.0,0.061244528740644455,1.5803179282661117,2134.6458597550613,2145.1157826575786,1.0,0.999
2333.9684283906413,720598,0.999,185.7653350830078,0.0,0.0,1480.309550305847,1999.1439022969746,170,720598,11.974034952615835,10,1.7132010617921594,-1424.5478515625,0.0,162.56161499023438,0.0,0.0,0.05641616880893707,1.5803179282661117,2316.548207852132,2357.073568198125,1.0,0.999
2229.601185162733,724598,0.999,162.39520263671875,0.0,0.0,1397.80159891289,2002.509412553148,171,724598,14.6654152066662,10,1.7132010617921594,-1470.9757080078125,0.0,138.31661987304688,0.0,0.0,0.054239727556705475,1.5803179282661117,2212.694585364761,2259.895287777,1.0,0.999
1996.629297713375,728598,0.999,104.74161529541016,0.0,0.0,1258.3988539366887,2013.6735055914955,172,728598,5.615432134670731,10,1.7132010617921594,-1486.38330078125,0.0,112.76707458496094,0.0,0.0,0.05528749153017998,1.5803179282661117,1983.0001133349174,2002.34237686484,1.0,0.999
2268.0426098558823,732598,0.999,198.80715942382812,0.0,0.0,1422.5351118737385,2007.6983348923036,173,732598,5.4095098304020395,10,1.7132010617921594,-1509.2149658203125,0.0,291.83831787109375,0.0,0.0,0.055609848350286484,1.5803179282661117,2258.0387362087445,2275.481126891875,1.0,0.999
2017.4122675201502,736598,0.999,559.4444580078125,0.0,0.0,1273.5641335744663,2013.3061772599647,174,736598,87.96328814619856,10,1.7132010617921594,-1478.563232421875,0.0,358.93695068359375,0.1,0.0,0.056737013161182404,1.5803179282661117,1757.9218030582758,2077.957194027749,1.0,0.999
2154.6857875675005,740598,0.999,357.5522155761719,0.0,0.0,1355.560276887057,2007.4114360298418,175,740598,4.626055548734053,10,1.7132010617921594,-1475.703369140625,0.0,456.9190673828125,0.0,0.0,0.055746231228113174,1.5803179282661117,2144.6365448284164,2159.1379954842955,1.0,0.999
2442.9857861321593,744598,0.999,214.59100341796875,0.0,0.0,1532.427708881128,2021.0668087699842,176,744598,1.0764668246154083,10,1.7132010617921594,-1550.04541015625,0.0,177.00328063964844,0.0,0.0,0.0578329898416996,1.5803179282661117,2441.068426293552,2444.361891588,1.0,0.999
2228.4084834890446,748598,0.999,106.88732147216797,0.0,0.0,1403.3217944896792,2030.598119313578,177,748598,1.5011542877747195,10,1.7132010617921594,-1502.691650390625,0.0,81.20284271240234,0.0,0.0,0.06351985782384872,1.5803179282661117,2226.398629334154,2231.2146698084207,1.0,0.999
2392.837882727471,752598,0.999,135.52444458007812,0.0,0.0,1500.3947183664197,2033.708189536457,178,752598,3.0887674278644095,10,1.7132010617921594,-1485.2808837890625,0.0,132.3988037109375,0.0,0.0,0.059175360947847366,1.5803179282661117,2386.2848174033584,2397.3255534386135,1.0,0.999
2260.917215027729,756598,0.999,234.38221740722656,0.0,0.0,1424.5743492456968,2059.3134352531556,179,756598,1.8267329379204962,10,1.7132010617921594,-1559.330322265625,0.0,250.583984375,0.0,0.0,0.05829567089676857,1.5803179282661117,2257.975151474663,2264.6635923278886,1.0,0.999
2162.519863398931,760598,0.999,579.60009765625,0.0,0.0,1355.6963118274818,2062.3020778322834,180,760598,3.4730884714746373,10,1.7132010617921594,-1459.725830078125,0.0,506.5893859863281,0.0,0.0,0.05498283728957176,1.5803179282661117,2157.128728430782,2168.8502926918554,1.0,0.999
2279.4892168917354,764598,0.999,3591.379638671875,0.0,0.0,1430.2443878307465,2055.4129528008434,181,764598,1.9416054629081614,10,1.7132010617921594,-1440.4434814453125,0.0,3548.428466796875,0.0,0.0,0.05578066408634186,1.5803179282661117,2275.6823188557505,2281.656241024844,1.0,0.999
2350.737893168026,768598,0.999,267.7318420410156,0.0,0.0,1478.0140115492698,2058.2468464220124,182,768598,1.3049334622741557,10,1.7132010617921594,-1466.242919921875,0.0,395.27032470703125,0.0,0.0,0.05175646394491196,1.5803179282661117,2348.5155011257593,2352.988438183654,1.0,0.999
2231.648188414927,772598,0.999,402.4529724121094,0.0,0.0,1405.5875029054232,2072.619637227894,183,772598,1.7875300631654119,10,1.7132010617921594,-1487.03271484375,0.0,198.04234313964844,0.0,0.0,0.047472890466451645,1.5803179282661117,2228.354386196249,2233.7902852460206,1.0,0.999
2302.259400019886,776598,0.999,105.6095199584961,0.0,0.0,1443.9798798855688,2071.386768618767,184,776598,4.450653801355749,10,1.7132010617921594,-1476.970703125,0.0,139.1691436767578,0.0,0.0,0.04558192938566208,1.5803179282661117,2292.398167020565,2310.3522505435726,1.0,0.999
2284.3689593934714,780598,0.999,519.0214233398438,0.0,0.0,1439.899001965949,2080.9554375931134,185,780598,5.488622647144762,10,1.7132010617921594,-1582.3665771484375,0.0,511.3756408691406,0.0,0.0,0.044216644018888474,1.5803179282661117,2279.1943930781226,2298.7931671336164,1.0,0.999
1773.6165058775034,784598,0.999,477.7251892089844,0.0,0.0,1130.0351621431973,2127.5272929385183,186,784598,56.69940201442755,10,1.7132010617921594,-1479.91162109375,0.0,404.7611999511719,0.0,0.0,0.04438518360257149,1.5803179282661117,1738.5146919236126,1915.1937934024563,1.0,0.999
2220.292759838495,789563,0.999,210.12673950195312,0.0,0.0,1393.8535523388593,2120.2058569752703,187,789563,1.7808917902014227,10,1.7132010617921594,-1643.95361328125,0.0,134.79246520996094,0.0,0.0,0.045814018696546555,1.5803179282661117,2217.1755575683837,2223.257937118111,1.0,0.999
2228.121735268661,793563,0.999,251.55593872070312,0.0,0.0,1403.298141769524,2129.2741471461027,188,793563,2.140245208852347,10,1.7132010617921594,-1530.4111328125,0.0,192.38108825683594,0.0,0.0,0.04222749173641205,1.5803179282661117,2225.5020640194107,2231.9748465571156,1.0,0.999
1642.7044820815888,797563,0.999,201.6324920654297,0.0,0.0,1043.3968558553408,2164.300461944299,189,797563,1.429854034919873,10,1.7132010617921594,-1580.00537109375,0.0,331.50189208984375,0.0,0.0,0.04004218056797981,1.5803179282661117,1640.7456712092298,1644.521933071796,1.0,0.999
2201.7730046112133,801563,0.999,412.43603515625,0.0,0.0,1384.75036412126,2151.8574245208843,190,801563,2.733831482863377,10,1.7132010617921594,-1594.0677490234375,0.0,500.4581298828125,0.0,0.0,0.03958295285701752,1.5803179282661117,2197.07252705626,2206.1870422355937,1.0,0.999
2085.6314214353906,805563,0.999,260.0361328125,0.0,0.0,1311.1348554136644,2163.6282431957993,191,805563,29.355379914039904,10,1.7132010617921594,-1567.012451171875,0.0,380.49761962890625,0.0,0.0,0.038969043642282486,1.5803179282661117,2046.47256457571,2142.2551620549043,1.0,0.999
2428.289775912191,809563,0.999,184.43441772460938,0.0,0.0,1526.2228887318295,2181.490318526809,192,809563,4.111462970704068,10,1.7132010617921594,-1579.1884765625,0.0,204.3629913330078,0.0,0.0,0.038163624703884125,1.5803179282661117,2420.773016660503,2433.303073343163,1.0,0.999
2328.1519220833834,813563,0.999,2793.90380859375,0.0,0.0,1457.5338441009794,2189.9108055884635,193,813563,7.725055873730129,10,1.7132010617921594,-1594.12939453125,0.0,2595.16796875,0.0,0.0,0.037631548941135406,1.5803179282661117,2312.504870203081,2338.056748432697,1.0,0.999
2154.6176937773535,817563,0.999,1240.95751953125,0.0,0.0,1357.972588298994,2229.955116867018,194,817563,1.539082290250007,10,1.7132010617921594,-1574.9112548828125,0.0,674.4891357421875,0.0,0.0,0.038325197994709015,1.5803179282661117,2151.904444926293,2157.9054375876394,1.0,0.999
1966.4147990586366,821563,0.999,274.66143798828125,0.0,0.0,1233.7171070859483,2228.626719852139,195,821563,71.85273912503447,10,1.7132010617921594,-1500.15087890625,0.0,229.5176544189453,0.0,0.0,0.04260046035051346,1.5803179282661117,1904.9964479725804,2094.816962711772,1.0,0.999
892.6716242173104,825563,0.999,256.895751953125,0.0,0.0,681.4527131094113,2214.5858670186585,196,825563,56.59704494946503,10,1.7132010617921594,-1540.7412109375,0.0,216.36898803710938,1.0,0.0,0.04588397964835167,1.5803179282661117,797.9840940307341,1004.9375448081421,1.0,0.999
2014.7643463242425,829917,0.999,1260.068115234375,0.0,0.0,1275.4991257806746,2208.1830225691365,197,829917,49.04233352754683,10,1.7132010617921594,-1588.416259765625,0.0,1355.64697265625,0.1,0.0,0.042668454349040985,1.5803179282661117,1981.3243998842763,2159.209570275093,1.0,0.999
2296.8448362873883,834491,0.999,161.74156188964844,0.0,0.0,1488.2175948025235,2192.1965440638046,198,834491,193.44405567405872,10,1.7132010617921594,-1679.6007080078125,0.0,336.6847839355469,0.2,0.0,0.04176529869437218,1.5803179282661117,1859.6334046956401,2597.434836472169,1.0,0.999
2377.522606555433,838782,0.999,545.6823120117188,0.0,0.0,1490.462603083136,2188.6489022165133,199,838782,7.478060725222916,10,1.7132010617921594,-1582.2161865234375,0.0,902.613525390625,0.0,0.0,0.03915414959192276,1.5803179282661117,2369.814580683891,2389.222388660754,1.0,0.999
