Evaluation/TerminationRate,ShortRL/MeanHeuristic,QF/Qf1Loss,ShortRL/MaxHeuristic,Policy/Loss,ShortRL/StdHeuristic,Evaluation/AverageReturn,Evaluation/MinReturn,ShortRL/RewardScale,AlphaTemperature/mean,ShortRL/RewardBias,TotalEnvSteps,QF/Qf2Loss,ShortRL/Lambda,ShortRL/GuidanceDiscount,ReplayBuffer/buffer_size,Evaluation/MaxReturn,ShortRL/MinHeuristic,Evaluation/StdReturn,Evaluation/AverageDiscountedReturn,ShortRL/Discount0,Average/TrainAverageReturn,Evaluation/NumEpisodes,Evaluation/Iteration
0.0,0.0,1.3428348302841187,0.0,-79.17688751220703,0.0,-7.540383568899263,-8.207891739937942,0.8613633155075199,0.7676388621330261,-0.22181545467205288,10000,1.3745192289352417,1.0,0.99,10000,-6.800666187845252,0.0,0.532139315748131,-1.141049317529314,0.99,-266.6262599897648,10,0
0.0,0.0,0.9392945766448975,0.0,-123.09718322753906,0.0,-4.003170779449865,-5.4899072358007945,0.8613633155075199,0.595276951789856,-0.22181545467205288,20000,1.004077672958374,1.0,0.99,20000,-2.807281937282905,0.0,0.7416789322105115,-0.8150651673924972,0.99,-280.8929025401286,10,1
0.0,0.0,1.8492356538772583,0.0,-138.69827270507812,0.0,-35.879464167694394,-37.34307037670559,0.8613633155075199,0.46304070949554443,-0.22181545467205288,30000,1.6528464555740356,1.0,0.99,30000,-34.988245740926054,0.0,0.7528806854167424,-2.861383822857896,0.99,-288.05028344916605,10,2
0.0,0.0,1.6316606998443604,0.0,-135.6676025390625,0.0,-43.02445569470019,-51.76015881007648,0.8613633155075199,0.3611791431903839,-0.22181545467205288,40000,1.7660315036773682,1.0,0.99,40000,-13.648755327177344,0.0,14.35394962305697,0.8816691245743229,0.99,-280.44547574524233,10,3
0.0,0.0,2.018242597579956,0.0,-123.49883270263672,0.0,-43.50144954514285,-47.17045154037767,0.8613633155075199,0.2820734679698944,-0.22181545467205288,50000,1.947222352027893,1.0,0.99,50000,-41.236527936644734,0.0,1.8221807394896332,2.927288046871965,0.99,-250.13217543677888,10,4
0.0,0.0,2.03647780418396,0.0,-106.36470031738281,0.0,-54.033996742510325,-65.83786917741055,0.8613633155075199,0.22048813104629517,-0.22181545467205288,60000,1.933221459388733,1.0,0.99,60000,-45.19274573647424,0.0,6.269522841392379,-3.2279571369438793,0.99,-234.3781314617489,10,5
0.0,0.0,1.8286526203155518,0.0,-89.29733276367188,0.0,-26.988010715934127,-27.839201682732202,0.8613633155075199,0.17224961519241333,-0.22181545467205288,70000,1.6950922012329102,1.0,0.99,70000,-26.39116621631593,0.0,0.4677279730898848,-1.1800022815498097,0.99,-222.3138667036007,10,6
0.0,0.0,1.891900658607483,0.0,-73.0025634765625,0.0,-77.87719120961808,-80.80040572046973,0.8613633155075199,0.134751558303833,-0.22181545467205288,80000,1.955480694770813,1.0,0.99,80000,-75.22757634966898,0.0,2.09977502535074,-3.19253585422674,0.99,-188.2192915745618,10,7
0.0,0.0,1.5355829000473022,0.0,-62.460548400878906,0.0,1244.0286522147856,1185.7633996695597,0.8613633155075199,0.10575734078884125,-0.22181545467205288,90000,1.5192601680755615,1.0,0.99,90000,1261.172975372948,0.0,21.776007130217682,105.05697496206578,0.99,-135.04330460510852,10,8
0.0,0.0,2.1292152404785156,0.0,-61.651485443115234,0.0,1553.654485149084,810.3009890126075,0.8613633155075199,0.08387511968612671,-0.22181545467205288,100000,2.215355634689331,1.0,0.99,100000,1756.4597688758881,0.0,267.5354788603424,143.5284559096081,0.99,-49.847498915393636,10,9
0.0,0.0,1.9697295427322388,0.0,-60.1572151184082,0.0,2545.463573807455,2402.645427151355,0.9467835495528758,0.06721436977386475,-0.1363952206266969,110000,2.0869431495666504,1.0,0.99,110000,2665.098908312397,0.0,95.49809311099553,206.50871590197394,0.99,46.99699514465965,10,10
0.0,0.0,3.0105197429656982,0.0,-70.77304077148438,0.0,2023.4923530040378,679.1950278503198,1.1115198632177494,0.054532524198293686,0.028341093038176668,120000,3.169619560241699,1.0,0.99,120000,2706.9728642386476,0.0,705.2707420522165,219.0002097855003,0.99,199.279356017737,10,11
0.0,0.0,3.888411521911621,0.0,-79.73381042480469,0.0,2586.1074456595416,2486.832053160698,1.2223801450906995,0.04577907919883728,0.13920137491112672,130000,3.2787771224975586,1.0,0.99,130000,2678.4039741874835,0.0,62.32498363381375,215.43530706251076,0.99,300.14262512785103,10,12
0.0,0.0,4.674185276031494,0.0,-105.63125610351562,0.0,2850.3219046821805,2748.9561698324883,1.354583650762296,0.03834567964076996,0.27140488058272316,140000,4.172941207885742,1.0,0.99,140000,2977.005223364883,0.0,67.157765304345,230.99627481165572,0.99,444.68740767394405,10,13
0.0,0.0,5.074094772338867,0.0,-118.4109878540039,0.0,2784.4681488081887,2612.3704050379374,1.4616524654892367,0.03290671855211258,0.3784736953096639,150000,5.5192999839782715,1.0,0.99,150000,2895.2792591006673,0.0,78.15153258572292,241.95275427999633,0.99,574.0107812477777,10,14
0.0,0.0,5.592539310455322,0.0,-127.35633850097656,0.0,2774.9348839058016,2714.8576307442872,1.559366836857924,0.02833794429898262,0.47618806667835134,160000,6.681381702423096,1.0,0.99,160000,2867.7658546716766,0.0,42.413106921227325,233.28566749098383,0.99,696.3616386231108,10,15
0.0,0.0,2.4926493167877197,0.0,-148.47409057617188,0.0,2709.9100319240024,2623.546732174969,1.6399140873916283,0.02412336692214012,0.5567353172120555,170000,2.6489315032958984,1.0,0.99,170000,2805.4177439384134,0.0,63.569331331055295,224.7088911974643,0.99,806.3893331605359,10,16
0.0,0.0,3.686661720275879,0.0,-162.92933654785156,0.0,2902.9400115294575,2864.059122075763,1.7057936575252146,0.02112218365073204,0.6226148873456419,180000,4.0009636878967285,1.0,0.99,180000,2948.378195946414,0.0,23.520171447297688,253.24307533555861,0.99,903.6504885514381,10,17
0.0,0.0,6.007505416870117,0.0,-176.1263427734375,0.0,2811.630397757416,2796.276163482509,1.7669140007929731,0.01962294802069664,0.6837352306134004,190000,5.619384288787842,1.0,0.99,190000,2833.1633340552025,0.0,12.7241021138518,244.32940448648205,0.99,996.6581704940057,10,18
0.0,0.0,3.732583522796631,0.0,-195.8756561279297,0.0,2891.2872056025612,2874.6299747797543,1.8192267740811627,0.018528437241911888,0.73604800390159,200000,3.198221445083618,1.0,0.99,200000,2902.408737173537,0.0,8.788779137740875,252.6704751038049,0.99,1081.126547604601,10,19
0.0,0.0,2.1345317363739014,0.0,-204.62860107421875,0.0,2700.934886549906,2681.4133848766683,1.8673621033014913,0.018736306577920914,0.7841833331219186,210000,2.105896234512329,1.0,0.99,210000,2733.2078127411064,0.0,13.168174764390614,240.14510111247282,0.99,1160.2270441402343,10,20
0.0,0.0,3.4485974311828613,0.0,-221.46307373046875,0.0,2802.6164819172673,2779.5711795546426,1.9042166698593799,0.01748446561396122,0.8210378996798071,220000,2.890190601348877,1.0,0.99,220000,2831.7523745912126,0.0,17.283528620480464,246.29863532165342,0.99,1228.1849213894184,10,21
0.0,0.0,2.384631395339966,0.0,-200.52688598632812,0.0,2699.2324059473035,2681.6679080807257,1.937628956211812,0.016438830643892288,0.8544501860322393,230000,2.0749428272247314,1.0,0.99,230000,2723.2687845395253,0.0,14.49697384453887,235.63797421819544,0.99,1291.5736928956017,10,22
0.0,0.0,11.521483421325684,0.0,-203.6959686279297,0.0,2667.8900952275317,2647.093982343246,1.9677650387787153,0.017332524061203003,0.8845862685991426,240000,8.57378101348877,1.0,0.99,240000,2689.3004849715458,0.0,11.79698721911783,234.62768157798627,0.99,1350.378755681426,10,23
0.0,0.0,2.4091475009918213,0.0,-218.18472290039062,0.0,3040.271942390531,2972.7148794439076,1.9858830272434367,0.018410103395581245,0.9027042570638639,250000,2.4535748958587646,1.0,0.99,250000,3092.5483128631345,0.0,42.938392454980146,265.49678744508475,0.99,1396.5855415152714,10,24
0.0,0.0,2.614612102508545,0.0,-215.58499145507812,0.0,3127.9170786344116,3105.952207201641,2.0196758033111015,0.01925954408943653,0.9364970331315288,260000,2.623249053955078,1.0,0.99,260000,3145.2851107683828,0.0,12.593044720921487,272.4745801300275,0.99,1455.9457351676783,10,25
0.0,0.0,3.2540059089660645,0.0,-227.75990295410156,0.0,3634.975731864028,3601.052808675388,2.054864883983118,0.01878722570836544,0.9716861138035453,270000,2.362783670425415,1.0,0.99,270000,3674.415887537738,0.0,24.23927111661,308.61321109167005,0.99,1515.4254919427176,10,26
0.0,0.0,63.0786018371582,0.0,-238.28997802734375,0.0,2922.7546518213962,2909.8569872758626,2.094496839290077,0.019516155123710632,1.0113180691105044,280000,52.44752883911133,1.0,0.99,280000,2946.769403566466,0.0,11.62400802517645,256.44367069073957,0.99,1577.648764789238,10,27
0.0,0.0,2.2544102668762207,0.0,-243.30487060546875,0.0,3133.7911393576383,3116.8120582646557,2.1146336348943606,0.01988900452852249,1.0314548647147876,290000,2.1677818298339844,1.0,0.99,290000,3152.378866827582,0.0,11.596693289064714,278.637152987252,0.99,1621.7907537321064,10,28
0.0,0.0,4.766755104064941,0.0,-252.259521484375,0.0,3264.6949276450646,3248.9400174935427,2.1404438740175635,0.01882067881524563,1.0572651038379908,300000,4.216323375701904,1.0,0.99,300000,3284.127600594555,0.0,10.447420011479045,284.39756800790553,0.99,1670.0375239072712,10,29
0.0,0.0,2.378683567047119,0.0,-226.26539611816406,0.0,3627.1830873320914,3596.0484404323606,2.165280236663049,0.019394241273403168,1.082101466483476,310000,2.8337178230285645,1.0,0.99,310000,3657.361458278703,0.0,19.815965190146148,311.05896766731104,0.99,1782.996092290089,10,30
0.0,0.0,1.6055028438568115,0.0,-256.2816162109375,0.0,3629.1580672462806,3582.4436466204415,2.198988606305814,0.021065842360258102,1.1158098361262412,320000,1.300965666770935,1.0,0.99,320000,3667.688479836111,0.0,20.85638560161911,312.8151089750139,0.99,1906.8695873901975,10,31
0.0,0.0,1.3390270471572876,0.0,-264.5447998046875,0.0,3317.990221009664,3303.301053718207,2.227879240065417,0.020883744582533836,1.1447004698858445,330000,1.9318690299987793,1.0,0.99,330000,3333.8116245506735,0.0,9.443543028399347,290.16101388079557,0.99,2029.3957961143567,10,32
0.0,0.0,1.6879003047943115,0.0,-262.64385986328125,0.0,3474.973701605646,3455.5658722588964,2.2499559300237815,0.020230546593666077,1.1667771598442087,340000,1.8030931949615479,1.0,0.99,340000,3495.410961132002,0.0,13.916666562666615,304.12252290948913,0.99,2146.2829350914044,10,33
0.0,0.0,11.451388359069824,0.0,-278.1498107910156,0.0,3222.9696146191727,3210.7283792059366,2.2729173483377214,0.020676366984844208,1.1897385781581487,350000,10.503838539123535,1.0,0.99,350000,3241.352823581309,0.0,8.978434177339343,285.9613272308502,0.99,2261.9592085765403,10,34
0.0,0.0,7.220995903015137,0.0,-282.0539855957031,0.0,3139.376333343464,3127.6796960205543,2.290020557965174,0.020855611190199852,1.206841787785601,360000,22.829341888427734,1.0,0.99,360000,3150.9559421329204,0.0,7.82160791611534,279.7931337419256,0.99,2373.95138495266,10,35
0.0,0.0,2.094966411590576,0.0,-277.15728759765625,0.0,3503.446067401054,3474.819283271207,2.3054078398904996,0.021730616688728333,1.2222290697109268,370000,2.675920248031616,1.0,0.99,370000,3539.9946469435417,0.0,21.65282950215235,306.0368291442388,0.99,2484.68169449984,10,36
0.0,0.0,3.860769748687744,0.0,-265.4039611816406,0.0,3240.797308934876,3227.1508854348117,2.324692576912844,0.022159917280077934,1.2415138067332712,380000,3.5686051845550537,1.0,0.99,380000,3258.1083522019753,0.0,10.140641439217799,287.7697282899454,0.99,2595.646217984052,10,37
0.0,0.0,2.1524276733398438,0.0,-278.0147399902344,0.0,3519.8702112969377,3478.485630798241,2.3365600840669307,0.02326984517276287,1.253381313887358,390000,2.7347567081451416,1.0,0.99,390000,3561.3747604145833,0.0,24.887258215992187,306.58822366653555,0.99,2691.3340414789213,10,38
0.0,0.0,1.751731514930725,0.0,-283.2001037597656,0.0,3412.1151502429225,3394.7327030633774,2.355345464390295,0.023973463103175163,1.2721666942107221,400000,2.0276060104370117,1.0,0.99,400000,3435.1868675646947,0.0,13.469751356425213,299.44209800176486,0.99,2782.637810726891,10,39
0.0,0.0,0.8274628520011902,0.0,-273.19598388671875,0.0,3550.905313030922,3542.4821303987696,2.368515592123089,0.023106373846530914,1.2853368219435164,410000,0.9261300563812256,1.0,0.99,410000,3582.734754884741,0.0,10.973530358759767,314.1236862260806,0.99,2858.8030957933934,10,40
0.0,0.0,1.649611473083496,0.0,-280.0451354980469,0.0,3732.8605468246956,3701.279249620804,2.3838252433379505,0.023711541667580605,1.300646473158378,420000,1.7386716604232788,1.0,0.99,420000,3759.9560564703393,0.0,21.978139412214297,327.60036718184244,0.99,2910.366109019842,10,41
0.0,0.0,1.8034932613372803,0.0,-290.49078369140625,0.0,3706.7287308262103,3677.158057131817,2.400712657354777,0.023021360859274864,1.317533887175204,430000,1.7011687755584717,1.0,0.99,430000,3735.961826162349,0.0,17.697739151996636,324.58495531404446,0.99,2977.7133328300933,10,42
0.0,0.0,2.7906060218811035,0.0,-297.5680236816406,0.0,3659.7874899947356,3637.8199488917835,2.419595678164858,0.023904379457235336,1.3364169079852855,440000,3.4892001152038574,1.0,0.99,440000,3685.6543991790477,0.0,14.522423055958338,321.7987305778074,0.99,3022.0415471587125,10,43
0.0,0.0,1.526187539100647,0.0,-287.68017578125,0.0,3577.7444000828787,3541.6479542614293,2.434487565960613,0.024728111922740936,1.3513087957810401,450000,1.5344487428665161,1.0,0.99,450000,3621.567739568213,0.0,24.448732321098664,314.5637372049297,0.99,3060.37826078152,10,44
0.0,0.0,3.933476448059082,0.0,-293.2884521484375,0.0,3884.2211296867113,3872.3743763537095,2.4458421691302563,0.025409553200006485,1.3626633989506833,460000,6.864457130432129,1.0,0.99,460000,3902.89886919333,0.0,9.108739971556863,341.0405331938215,0.99,3090.939641401995,10,45
0.0,0.0,2.202932357788086,0.0,-309.5140380859375,0.0,3949.9916778794905,3938.9861388700792,2.4637901900155015,0.024304471909999847,1.3806114198359287,470000,2.7672643661499023,1.0,0.99,470000,3963.4451358916103,0.0,8.055945597147797,344.21369191261584,0.99,3130.523960497695,10,46
0.0,0.0,2.3246285915374756,0.0,-301.2939147949219,0.0,3755.4424260506216,3737.141655763306,2.4816204310857337,0.02553519979119301,1.3984416609061607,480000,1.8814016580581665,1.0,0.99,480000,3787.7071462629588,0.0,15.481979127601626,328.5141108896354,0.99,3171.5423473712863,10,47
0.0,0.0,3.3679115772247314,0.0,-309.211669921875,0.0,4035.419057719189,4000.6318982750226,2.494333893234261,0.02374214492738247,1.4111551230546884,490000,4.476498603820801,1.0,0.99,490000,4071.848435030703,0.0,22.873838253164145,348.9347765470665,0.99,3203.356738210938,10,48
0.0,0.0,2.32431697845459,0.0,-308.95416259765625,0.0,4001.461526472005,3985.2305466156595,2.512525445255013,0.025583211332559586,1.4293466750754402,500000,2.076667547225952,1.0,0.99,500000,4017.2814426275972,0.0,10.478004224510919,346.71452328224603,0.99,3243.169206740489,10,49
0.0,0.0,2.131013870239258,0.0,-304.90679931640625,0.0,3955.289502879361,3929.3843597636946,2.5243620506706215,0.02498295158147812,1.4411832804910487,510000,3.2855679988861084,1.0,0.99,510000,3979.8691169985673,0.0,19.93741161005748,348.0637267602618,0.99,3273.4122465274986,10,50
0.0,0.0,3.1807973384857178,0.0,-317.3896789550781,0.0,4054.241989626712,4014.3300195750976,2.5377207415855305,0.026078566908836365,1.4545419714059578,520000,4.160879611968994,1.0,0.99,520000,4180.770871572673,0.0,44.057930136662414,353.55222812034526,0.99,3310.543629299563,10,51
0.0,0.0,3.12233567237854,0.0,-317.8244934082031,0.0,3923.768537357734,3903.8964572121645,2.5511055743359834,0.02939838171005249,1.4679268041564106,530000,2.0986037254333496,1.0,0.99,530000,3958.1679632608802,0.0,16.120396500956215,342.1556004604461,0.99,3347.7088637170045,10,52
0.0,0.0,1.7007367610931396,0.0,-317.5585632324219,0.0,4021.0479507321697,3957.008128807681,2.5616900385755796,0.02842949889600277,1.4785112683960069,540000,1.993835210800171,1.0,0.99,540000,4047.926125227993,0.0,25.186208787598375,347.34221134256654,0.99,3380.92179006433,10,53
0.0,0.0,3.9214515686035156,0.0,-319.8672790527344,0.0,4195.402693423692,4152.810509248966,2.573562168395322,0.02830214612185955,1.4903833982157493,550000,3.5497307777404785,1.0,0.99,550000,4213.940575532569,0.0,18.089619360217213,364.7738362229726,0.99,3423.8317262988317,10,54
0.0,0.0,3.828226089477539,0.0,-320.6799011230469,0.0,4085.1208747772407,4057.5853341819784,2.5867538204336373,0.02939639799296856,1.5035750502540646,560000,3.3525185585021973,1.0,0.99,560000,4144.160748434609,0.0,27.048620853895233,356.29777748356497,0.99,3455.4500600846395,10,55
0.0,0.0,1.9363975524902344,0.0,-327.2479248046875,0.0,4238.943026307895,4205.22342322529,2.5987800453317704,0.02891974337399006,1.5156012751521977,570000,1.546931266784668,1.0,0.99,570000,4266.812611660426,0.0,20.71221738874467,360.84876476024374,0.99,3482.3592887148284,10,56
0.0,0.0,3.5637693405151367,0.0,-336.0418701171875,0.0,3952.379343875692,3922.10088611379,2.61299168907946,0.030154116451740265,1.529812918899887,580000,4.471616744995117,1.0,0.99,580000,3979.3114222854415,0.0,19.549761879235906,346.9231290480514,0.99,3507.0140608710876,10,57
0.0,0.0,3.0211431980133057,0.0,-337.357177734375,0.0,4138.149608003175,4078.800815042071,2.6223447080256075,0.029806071892380714,1.5391659378460347,590000,2.5022377967834473,1.0,0.99,590000,4190.920941562062,0.0,33.67819376454193,353.937807505608,0.99,3538.6836006069907,10,58
0.0,0.0,2.239043951034546,0.0,-327.74090576171875,0.0,4176.210813694628,4145.443896171312,2.634062686288575,0.03147311881184578,1.5508839161090022,600000,1.772728681564331,1.0,0.99,600000,4198.341515975305,0.0,14.367659099147076,360.5856245914956,0.99,3567.9328834036332,10,59
0.0,0.0,2.4114513397216797,0.0,-334.55377197265625,0.0,4528.549021633459,4490.994731681947,2.645286949045337,0.031973946839571,1.5621081788657643,610000,2.074666976928711,1.0,0.99,610000,4566.399768543507,0.0,20.593511206991632,381.5254403983949,0.99,3595.488443029516,10,60
0.0,0.0,2.1973118782043457,0.0,-340.4367980957031,0.0,4285.550925840551,4229.885486334555,2.658313855164457,0.03151889517903328,1.5751350849848844,620000,3.4574599266052246,1.0,0.99,620000,4316.725448070208,0.0,26.43033774027065,364.52037922810047,0.99,3616.7218690334807,10,61
0.0,0.0,1.805006742477417,0.0,-333.6700134277344,0.0,4516.081369770285,4479.152447641775,2.669876695405492,0.03464677929878235,1.5866979252259195,630000,1.5512866973876953,1.0,0.99,630000,4563.7122564732645,0.0,27.63360772167173,386.5495505792409,0.99,3638.354917736625,10,62
0.0,0.0,1.143837571144104,0.0,-347.37762451171875,0.0,4574.171989192126,4542.1789324654455,2.684084455598224,0.03543696179986,1.6009056854186512,640000,1.435073733329773,1.0,0.99,640000,4620.507221376568,0.0,25.720855913720907,389.8441057251269,0.99,3669.216056983523,10,63
0.0,0.0,2.47385835647583,0.0,-342.2361145019531,0.0,4620.890046967021,4558.626334291933,2.698532939787127,0.03464212268590927,1.6153541696075542,650000,2.414168357849121,1.0,0.99,650000,4667.018510143884,0.0,39.245409037013964,395.24017430598974,0.99,3699.042802422867,10,64
0.0,0.0,2.701216220855713,0.0,-357.59619140625,0.0,4537.64981451817,4517.256631939892,2.7124828325925834,0.036630596965551376,1.6293040624130106,660000,2.091193914413452,1.0,0.99,660000,4560.521865309007,0.0,12.791555682719501,392.4024537229626,0.99,3731.744480705414,10,65
0.0,0.0,3.4652600288391113,0.0,-356.7046203613281,0.0,4724.230140550954,4683.222086065345,2.7256053771500977,0.035279780626297,1.642426606970525,670000,5.043381690979004,1.0,0.99,670000,4767.812628880203,0.0,27.05399442450145,401.9652209449565,0.99,3767.254220875549,10,66
0.0,0.0,2.4407551288604736,0.0,-358.21051025390625,0.0,4703.878714515371,4669.925739247014,2.7407698307039836,0.036152902990579605,1.6575910605244109,680000,2.5472748279571533,1.0,0.99,680000,4758.264249218864,0.0,25.384365106665346,402.662429237567,0.99,3799.924984103832,10,67
0.0,0.0,2.1360127925872803,0.0,-361.0287170410156,0.0,4797.246681192692,4752.180895838735,2.753770712616762,0.036928318440914154,1.6705919424371891,690000,1.9636077880859375,1.0,0.99,690000,4869.419396226425,0.0,41.47595117113825,404.97733907427653,0.99,3837.579707643614,10,68
0.0,0.0,1.646867275238037,0.0,-350.9417419433594,0.0,4783.701547662555,4746.67202835371,2.7678573486790214,0.03833715245127678,1.6846785784994487,700000,1.9921257495880127,1.0,0.99,700000,4823.207888618925,0.0,24.356548403351653,406.55155015293,0.99,3857.183239683553,10,69
0.0,0.0,1.8047325611114502,0.0,-367.120849609375,0.0,4916.398186118758,4865.709686089274,2.7831892011221218,0.03756216913461685,1.700010430942549,710000,2.3577287197113037,1.0,0.99,710000,4977.275083123376,0.0,37.463472135352625,416.3334350742128,0.99,3896.444997588024,10,70
0.0,0.0,2.1153948307037354,0.0,-355.3282470703125,0.0,4915.904703945727,4833.235081658968,2.798147759329383,0.04027538001537323,1.7149689891498103,720000,1.7964149713516235,1.0,0.99,720000,4972.757040050765,0.0,38.13736733229189,413.2642148706103,0.99,3925.1994012804225,10,71
0.0,0.0,2.9379239082336426,0.0,-367.1430358886719,0.0,5335.733897731782,5280.285429562629,2.813526071324151,0.041813403367996216,1.7303473011445782,730000,3.169752836227417,1.0,0.99,730000,5383.382609197194,0.0,35.37512131312963,439.0460830163217,0.99,3958.950139457923,10,72
0.0,0.0,2.2401294708251953,0.0,-370.2845458984375,0.0,4845.663653210328,2911.2269520682157,2.8303547408135974,0.0449412539601326,1.7471759706340246,740000,2.099247932434082,1.0,0.99,740000,5119.599742616026,0.0,646.1531786936123,419.2833808355982,0.99,3991.694117403623,10,73
0.0,0.0,4.087831020355225,0.0,-371.5321960449219,0.0,5154.465111264247,5115.394196588795,2.8444819496044134,0.044819772243499756,1.7613031794248406,750000,5.053387641906738,1.0,0.99,750000,5186.623473422053,0.0,23.228747793688406,432.68175132166743,0.99,4018.712088229127,10,74
0.0,0.0,3.4003238677978516,0.0,-383.5222473144531,0.0,5410.215178072506,5327.449544965938,2.8594157347715736,0.047054458409547806,1.7762369645920009,760000,3.455867052078247,1.0,0.99,760000,5450.1919262849815,0.0,36.35232972674788,446.57453219475826,0.99,4057.772859087438,10,75
0.0,0.0,4.751335144042969,0.0,-382.84002685546875,0.0,5399.128591924624,5352.914106085012,2.876674789065727,0.04580875486135483,1.7934960188861542,770000,4.763191223144531,1.0,0.99,770000,5474.810789383562,0.0,38.40747175392559,444.61784095931864,0.99,4091.23093067083,10,76
0.0,0.0,3.472219705581665,0.0,-385.6169738769531,0.0,5835.471367796448,5747.115474944093,2.892807712153205,0.0501304529607296,1.8096289419736324,780000,3.158384084701538,1.0,0.99,780000,5906.98230932634,0.0,49.98693410736652,474.50895561902314,0.99,4123.525270416727,10,77
0.0,0.0,1.7562289237976074,0.0,-376.8731994628906,0.0,5614.266894297614,5535.673864799573,2.909209940790325,0.0527760349214077,1.8260311706107522,790000,1.8979666233062744,1.0,0.99,790000,5648.753603543277,0.0,30.465110482827786,462.42248837638897,0.99,4147.742723538076,10,78
0.0,0.0,2.6326823234558105,0.0,-388.4905700683594,0.0,4941.445723386686,4914.139696004087,2.925799730024134,0.05076015740633011,1.8426209598445613,800000,2.06429123878479,1.0,0.99,800000,4992.564988134665,0.0,24.190722912613193,414.7840306547197,0.99,4170.806280366902,10,79
0.0,0.0,7.368840217590332,0.0,-382.52996826171875,0.0,5701.937406736455,5327.962125386864,2.9364544638527534,0.05315355211496353,1.8532756936731807,810000,7.170042991638184,1.0,0.99,810000,5819.1016643945395,0.0,131.64100989622244,464.8825568579482,0.99,4196.436990096291,10,80
0.0,0.0,4.565371513366699,0.0,-396.28387451171875,0.0,5617.809648060903,5574.793544127322,2.9492834957078284,0.05251708999276161,1.8661047255282557,820000,4.655795574188232,1.0,0.99,820000,5651.267569426236,0.0,27.464060176408825,460.1382301242969,0.99,4192.002450953395,10,81
0.0,0.0,19.840620040893555,0.0,-399.8861999511719,0.0,5802.6083078137235,5763.368756358647,2.963001023975257,0.05447154492139816,1.8798222537956844,830000,6.5918731689453125,1.0,0.99,830000,5855.141385101853,0.0,27.05324125256912,472.5245595111604,0.99,4199.227256485711,10,82
0.0,0.0,2.7408230304718018,0.0,-384.04217529296875,0.0,5625.149606583803,5561.074242150626,2.979763695659683,0.05576123669743538,1.8965849254801102,840000,2.298734188079834,1.0,0.99,840000,5685.672602428967,0.0,38.64148898647117,467.41666123222313,0.99,4228.062590619275,10,83
0.0,0.0,2.723379373550415,0.0,-397.8851623535156,0.0,5713.9870541370665,5641.958844113285,2.9966273778530703,0.05603627488017082,1.9134486076734976,850000,3.721740245819092,1.0,0.99,850000,5797.169168703041,0.0,45.789227124162885,471.43052242552585,0.99,4268.034139607317,10,84
0.0,0.0,4.089727878570557,0.0,-413.0076904296875,0.0,5555.353942217894,5498.941447512489,3.010790591638508,0.059239208698272705,1.9276118214589353,860000,4.517888069152832,1.0,0.99,860000,5665.186344109233,0.0,49.644087645662324,461.16818980287553,0.99,4269.683619880192,10,85
0.0,0.0,3.3656110763549805,0.0,-410.814453125,0.0,5751.862967996672,5709.782298743971,3.027401966494539,0.059981562197208405,1.944223196314966,870000,2.5204455852508545,1.0,0.99,870000,5792.621444792541,0.0,21.135689295637825,474.5758187836915,0.99,4309.061256294542,10,86
0.0,0.0,9.871156692504883,0.0,-412.78009033203125,0.0,5736.6186726692285,5692.168511393969,3.042845023764571,0.0598464161157608,1.9596662535849982,880000,14.872547149658203,1.0,0.99,880000,5776.306353032032,0.0,25.53595420991293,471.68800672020643,0.99,4339.068413171617,10,87
0.0,0.0,3.673625946044922,0.0,-419.0350036621094,0.0,5061.480843758962,-7.908946513706925,3.060437799118264,0.058799874037504196,1.977259028938691,890000,3.23213529586792,1.0,0.99,890000,5807.048049623108,0.0,1696.6876240925974,397.6153054503788,0.99,4384.099596758115,10,88
0.0,0.0,5.673649787902832,0.0,-411.195068359375,0.0,5999.310339690931,5862.103160110274,3.0738213301198414,0.05795744061470032,1.9906425599402686,900000,4.2488203048706055,1.0,0.99,900000,6067.425193713306,0.0,51.21334788886671,480.4523436934113,0.99,4417.681032756236,10,89
0.0,0.0,4.902305603027344,0.0,-423.5929870605469,0.0,5783.2619108154,5733.737578424888,3.087630449989508,0.05864814668893814,2.0044516798099354,910000,4.064733028411865,1.0,0.99,910000,5830.6728250371725,0.0,35.90931187095587,471.86910850116675,0.99,4451.310028076719,10,90
0.0,0.0,6.401880264282227,0.0,-398.2504577636719,0.0,5393.064751415646,5328.386999613673,3.104285955668489,0.06078214943408966,2.0211071854889164,920000,4.844295501708984,1.0,0.99,920000,5485.347061360224,0.0,40.459690604607154,451.2785266819118,0.99,4490.221532159339,10,91
0.0,0.0,4.408687114715576,0.0,-435.9825134277344,0.0,5568.371424857904,5510.229643906785,3.1164763988071598,0.0617796890437603,2.033297628627587,930000,3.4235117435455322,1.0,0.99,930000,5603.493839349607,0.0,26.96493786762037,465.639821841252,0.99,4522.351456879329,10,92
0.0,0.0,10.000593185424805,0.0,-406.61834716796875,0.0,5333.381919190652,5295.473183966678,3.1299693941195597,0.060100458562374115,2.046790623939987,940000,10.391447067260742,1.0,0.99,940000,5378.679503569507,0.0,28.06763247106475,449.9096774411504,0.99,4553.515665197278,10,93
0.0,0.0,5.2285966873168945,0.0,-418.7069091796875,0.0,5499.783234870729,5474.5266550072465,3.141706508553286,0.06120435521006584,2.058527738373713,950000,5.283614635467529,1.0,0.99,950000,5548.208794725528,0.0,21.683207222161226,459.132336145611,0.99,4580.326238073934,10,94
0.0,0.0,4.968653678894043,0.0,-425.59063720703125,0.0,5783.4510378879595,5753.781925587297,3.1533395282579324,0.060110993683338165,2.0701607580783596,960000,4.134358882904053,1.0,0.99,960000,5828.930326355,0.0,21.277338540312257,474.63502571010883,0.99,4603.107447291818,10,95
0.0,0.0,5.2205400466918945,0.0,-408.0411682128906,0.0,5500.795850967882,5470.284893555564,3.167556541225055,0.06191592290997505,2.084377771045482,970000,4.676321983337402,1.0,0.99,970000,5522.160296623943,0.0,12.554279424300965,454.7565525723182,0.99,4636.523988949061,10,96
0.0,0.0,5.562615871429443,0.0,-423.1076965332031,0.0,5439.530913925848,5405.977021837574,3.1802510011549194,0.061689991503953934,2.0970722309753467,980000,4.610939979553223,1.0,0.99,980000,5476.227755907345,0.0,19.679110456091646,452.85285065993355,0.99,4663.951098337065,10,97
0.0,0.0,15.21225357055664,0.0,-436.92181396484375,0.0,5582.780791427873,5545.273447490982,3.191351109274449,0.06513402611017227,2.1081723390948763,990000,15.348328590393066,1.0,0.99,990000,5605.17538384101,0.0,16.76457135842603,462.10905935735707,0.99,4691.329859413666,10,98
0.0,0.0,4.980831146240234,0.0,-427.857177734375,0.0,5717.2023234772705,5688.398115919208,3.2033241739979075,0.06806628406047821,2.1201454038183347,1000000,4.8123393058776855,1.0,0.99,1000000,5743.748875148731,0.0,18.734459615246102,472.42176481257803,0.99,4729.790933095282,10,99
0.0,0.0,3.6903610229492188,0.0,-444.9156188964844,0.0,5633.069248894431,5608.130879935269,3.216005618608442,0.06715044379234314,2.132826848428869,1010000,2.7930819988250732,1.0,0.99,1000000,5651.495812082868,0.0,13.284910454646603,465.227345981288,0.99,4755.663627401397,10,100
0.0,0.0,2.43705153465271,0.0,-433.0268249511719,0.0,5821.660539657229,5754.724591805403,3.2275300024204845,0.0676126629114151,2.1443512322409117,1020000,2.6910150051116943,1.0,0.99,1000000,5881.804640989125,0.0,32.82168734318238,478.1999489032375,0.99,4786.938369213806,10,101
0.0,0.0,16.839092254638672,0.0,-441.390869140625,0.0,5721.132298350845,5673.787390850031,3.2405584338306004,0.06610190123319626,2.1573796636510276,1030000,17.45818328857422,1.0,0.99,1000000,5785.860517499383,0.0,26.685604839082412,471.09088508648273,0.99,4813.49702466103,10,102
0.0,0.0,142.67173767089844,0.0,-443.65081787109375,0.0,5672.438829318455,5629.664654009173,3.251473664161135,0.0661972388625145,2.168294893981562,1040000,83.52175903320312,1.0,0.99,1000000,5731.1987805989165,0.0,33.3693943971539,462.01629090120775,0.99,4833.24593520852,10,103
0.0,0.0,2.5734736919403076,0.0,-450.68951416015625,0.0,5652.663865417905,5619.029841075419,3.2631362334297513,0.06921318173408508,2.1799574632501786,1050000,2.2954115867614746,1.0,0.99,1000000,5724.500621461092,0.0,34.815578369876874,469.84504461424365,0.99,4865.3416863595385,10,104
0.0,0.0,17.066543579101562,0.0,-446.93896484375,0.0,5839.759828440566,5795.100968923853,3.2734581106578764,0.06989400088787079,2.1902793404783036,1060000,14.03381633758545,1.0,0.99,1000000,5879.669118032778,0.0,21.59732086100751,480.2270079123412,0.99,4886.445780743883,10,105
0.0,0.0,16.546184539794922,0.0,-459.96990966796875,0.0,5988.962561309063,5963.481497962154,3.2841514356320496,0.06918277591466904,2.200972665452477,1070000,15.930569648742676,1.0,0.99,1000000,6010.2695581391945,0.0,13.926152325279658,491.31666182216713,0.99,4891.072157839059,10,106
0.0,0.0,3.016862392425537,0.0,-466.3812561035156,0.0,6028.347158676848,5955.428727056105,3.297234617673087,0.06941404938697815,2.214055847493514,1080000,2.34411358833313,1.0,0.99,1000000,6061.144821634525,0.0,27.91483164605693,493.6183370785384,0.99,4914.989464685307,10,107
0.0,0.0,1.8244799375534058,0.0,-456.2608947753906,0.0,5849.295125878847,5816.550192371825,3.3097146150667944,0.06927109509706497,2.2265358448872217,1090000,2.059018611907959,1.0,0.99,1000000,5890.139727149655,0.0,22.3522735587174,480.5597021306588,0.99,4950.946835772455,10,108
0.0,0.0,3.73579740524292,0.0,-473.916015625,0.0,5951.418554069344,5897.112056647962,3.3208502791145262,0.07062619924545288,2.2376715089349535,1100000,2.8067476749420166,1.0,0.99,1000000,5993.08709564567,0.0,26.225772647185075,488.9257022427217,0.99,4978.496463258069,10,109
0.0,0.0,2.9380972385406494,0.0,-455.46795654296875,0.0,5858.170913853792,5780.907624184602,3.3318084208399776,0.07047183811664581,2.248629650660405,1110000,3.4977142810821533,1.0,0.99,1000000,5902.857959430296,0.0,39.89205653152798,479.8925287531812,0.99,5011.380495542384,10,110
0.0,0.0,6.53590726852417,0.0,-477.55633544921875,0.0,5899.675537190082,5843.167790204265,3.3424513871719435,0.06975173950195312,2.2592726169923707,1120000,4.673763751983643,1.0,0.99,1000000,5982.428694338392,0.0,36.825986943376876,479.5855361080262,0.99,5070.441803222652,10,111
0.0,0.0,9.129072189331055,0.0,-470.5347595214844,0.0,5755.9193304348255,5724.661608456625,3.3511466389873696,0.06856989860534668,2.267967868807797,1130000,7.848844528198242,1.0,0.99,1000000,5777.8483390031715,0.0,16.795454089364007,473.403015637192,0.99,5108.847590415538,10,112
0.0,0.0,7.9518537521362305,0.0,-474.472412109375,0.0,5878.821277279824,5829.234574893503,3.3605006010515215,0.06918039917945862,2.2773218308719487,1140000,11.22305679321289,1.0,0.99,1000000,5930.715625595215,0.0,29.07572664670887,484.3165231452076,0.99,5135.86212942946,10,113
0.0,0.0,3.789593458175659,0.0,-475.89898681640625,0.0,5598.414407645772,5342.7926592215645,3.3686717499482293,0.06877260655164719,2.2854929797686565,1150000,3.502758026123047,1.0,0.99,1000000,5743.27233090632,0.0,132.6342915368713,477.8057571833169,0.99,5136.758701212421,10,114
0.0,0.0,2.967900276184082,0.0,-473.0903625488281,0.0,5457.646909443316,5293.247043311602,3.3770508899995915,0.06910412758588791,2.2938721198200187,1160000,3.6162052154541016,1.0,0.99,1000000,5573.15933284793,0.0,77.94063278229571,466.06351670502465,0.99,5173.812117443549,10,115
0.0,0.0,3.464768648147583,0.0,-474.5592041015625,0.0,5150.209378217075,1689.8939317235192,3.383341006307048,0.07193116098642349,2.300162236127475,1170000,2.714798927307129,1.0,0.99,1000000,5973.021122140277,0.0,1329.7287618272996,472.01490695865505,0.99,5175.808772567799,10,116
0.0,0.0,4.935623645782471,0.0,-483.53399658203125,0.0,5641.885005586988,5552.150206147301,3.3907166174604426,0.07055498659610748,2.30753784728087,1180000,3.4658803939819336,1.0,0.99,1000000,5723.632029365923,0.0,52.007167408516395,465.17635099741744,0.99,5152.949501135638,10,117
0.0,0.0,2.586209297180176,0.0,-475.084228515625,0.0,5814.16193133018,5738.8630868019645,3.3965496633776127,0.06784069538116455,2.31337089319804,1190000,2.4138433933258057,1.0,0.99,1000000,5888.617428896499,0.0,48.25301606725799,479.0942839061866,0.99,5131.24147253552,10,118
0.0,0.0,4.827128887176514,0.0,-488.7685241699219,0.0,5894.0918409838805,5857.307392809253,3.4045722724909497,0.06858481466770172,2.321393502311377,1200000,3.7071216106414795,1.0,0.99,1000000,5967.184996661266,0.0,30.510011418660405,488.65233395259173,0.99,5144.570136876887,10,119
0.0,0.0,3.4794139862060547,0.0,-482.6676025390625,0.0,5697.640423085805,5641.564581064866,3.4128653165702234,0.06827893108129501,2.3296865463906506,1210000,4.037294864654541,1.0,0.99,1000000,5756.299483630126,0.0,38.49740008399218,474.7189272630129,0.99,5159.243678786278,10,120
0.0,0.0,9.210554122924805,0.0,-483.279296875,0.0,5545.420812920793,5489.900552636311,3.420869857322644,0.06930910795927048,2.3376910871430714,1220000,10.443471908569336,1.0,0.99,1000000,5610.047709055188,0.0,34.10838617417127,463.69581013652544,0.99,5165.0456493891625,10,121
0.0,0.0,4.433107376098633,0.0,-473.8568115234375,0.0,5831.0399026634595,5688.841221223699,3.427365488299237,0.07312490791082382,2.3441867181196643,1230000,4.476359844207764,1.0,0.99,1000000,5938.931620363262,0.0,74.34993634608021,479.85471823213527,0.99,5175.674484924802,10,122
0.0,0.0,12.794872283935547,0.0,-488.0930480957031,0.0,5966.086215442624,5813.8362332199495,3.434784369085426,0.07460688799619675,2.351605598905853,1240000,16.168418884277344,1.0,0.99,1000000,6122.0616612115755,0.0,83.995135782375,491.46155210914264,0.99,5184.162090274733,10,123
0.0,0.0,6.940826892852783,0.0,-484.8975524902344,0.0,5347.829181139485,5294.039868832524,3.442983151301066,0.07516743242740631,2.359804381121493,1250000,14.515145301818848,1.0,0.99,1000000,5387.610147737237,0.0,25.496556083382046,448.46606213696003,0.99,5181.025584676158,10,124
0.0,0.0,17.38880157470703,0.0,-479.0562744140625,0.0,6379.681620947435,6326.594523835818,3.4479540989140673,0.07412717491388321,2.3647753287344946,1260000,5.556046485900879,1.0,0.99,1000000,6441.536740197354,0.0,34.34677706639941,512.5434889171498,0.99,5193.021888364626,10,125
0.0,0.0,10.314355850219727,0.0,-492.795654296875,0.0,6239.219728608094,6108.386370606745,3.4590365330359343,0.06958885490894318,2.3758577628563615,1270000,9.373292922973633,1.0,0.99,1000000,6348.676363501775,0.0,67.59627885478011,492.7896796305966,0.99,5208.405039539886,10,126
0.0,0.0,27.264371871948242,0.0,-471.9779357910156,0.0,6023.144507693362,5940.430158982801,3.467256945977095,0.0704508051276207,2.3840781757975225,1280000,16.936203002929688,1.0,0.99,1000000,6084.359298707509,0.0,49.4348495624093,490.9816810743381,0.99,5219.304749688106,10,127
0.0,0.0,1.7360141277313232,0.0,-492.63623046875,0.0,6114.152417175792,6064.8482704460375,3.4747547117556192,0.06646834313869476,2.3915759415760465,1290000,1.8958659172058105,1.0,0.99,1000000,6167.540569695797,0.0,40.5966512648525,501.8505098687695,0.99,5231.3764264628635,10,128
0.0,0.0,7.125929355621338,0.0,-488.4071044921875,0.0,5814.931221826704,5762.732305003928,3.4835410031202856,0.06816830486059189,2.400362232940713,1300000,6.028799057006836,1.0,0.99,1000000,5874.372323896967,0.0,30.233214679145203,473.9899763921493,0.99,5244.728568846812,10,129
0.0,0.0,49.70503616333008,0.0,-491.87249755859375,0.0,5671.62730860206,5573.895585062565,3.489149817522866,0.06631135195493698,2.4059710473432934,1310000,10.473823547363281,1.0,0.99,1000000,5752.266428278097,0.0,56.535800822801036,467.284819545959,0.99,5248.24047614247,10,130
0.0,0.0,4.192938327789307,0.0,-492.1254577636719,0.0,6176.913009554324,6099.2038217132695,3.4945468191200697,0.06758563965559006,2.411368048940497,1320000,2.955721616744995,1.0,0.99,1000000,6239.1116014845165,0.0,40.073391262302955,501.79687374026037,0.99,5252.9936815905,10,131
0.0,0.0,118.70325469970703,0.0,-495.0806884765625,0.0,5927.3509910750745,5773.887014847842,3.503044665515958,0.06805700063705444,2.419865895336385,1330000,105.92960357666016,1.0,0.99,1000000,6062.526196039434,0.0,101.36896152639926,485.73581254066266,0.99,5262.5750929068045,10,132
0.0,0.0,2.8600409030914307,0.0,-495.836669921875,0.0,6122.804099192144,5988.589128290379,3.5105509008094855,0.06751054525375366,2.4273721306299127,1340000,2.5818185806274414,1.0,0.99,1000000,6248.669339254128,0.0,71.5768892335699,489.3947408665761,0.99,5266.240247531326,10,133
0.0,0.0,12.061379432678223,0.0,-496.18548583984375,0.0,6185.653477660831,6102.127802229764,3.517647643750229,0.06806274503469467,2.434468873570656,1350000,8.324958801269531,1.0,0.99,1000000,6288.554079658459,0.0,51.264437554574684,506.17470890095194,0.99,5273.726868492505,10,134
0.0,0.0,14.573013305664062,0.0,-501.9822998046875,0.0,6195.604686751565,6109.189203654434,3.526794789390178,0.06680523604154587,2.443616019210605,1360000,15.586219787597656,1.0,0.99,1000000,6276.807436010346,0.0,49.08616333196308,490.17674504644737,0.99,5289.700029140192,10,135
0.0,0.0,4.569497585296631,0.0,-493.3025817871094,0.0,6064.537562734723,5980.749738164896,3.5354070826862727,0.06619081646203995,2.4522283125067,1370000,3.942676544189453,1.0,0.99,1000000,6127.049492774711,0.0,37.54809827426114,494.61810676244596,0.99,5316.834650652771,10,136
0.0,0.0,3.984862804412842,0.0,-489.04461669921875,0.0,6076.809627602313,5952.212954910046,3.5418994053221877,0.06986358016729355,2.458720635142615,1380000,2.8134679794311523,1.0,0.99,1000000,6214.4568293055345,0.0,74.07424392024622,487.9925337542604,0.99,5319.469801448588,10,137
0.0,0.0,5.659762859344482,0.0,-509.61126708984375,0.0,6378.416479019241,6287.068272328029,3.548808556813551,0.06493265926837921,2.4656297866339782,1390000,6.455167770385742,1.0,0.99,1000000,6505.90171748905,0.0,69.98684055948924,507.5855457712611,0.99,5325.222108951828,10,138
0.0,0.0,3.625901937484741,0.0,-496.103759765625,0.0,6170.66916695649,6096.832098209777,3.55772235959988,0.06257962435483932,2.4745435894203074,1400000,2.8367090225219727,1.0,0.99,1000000,6299.895401236986,0.0,63.747075261836734,492.93898588062586,0.99,5337.624967920078,10,139
0.0,0.0,2.545330762863159,0.0,-505.4899597167969,0.0,5974.701749029576,5892.0909580454445,3.5639050258770464,0.06295857578516006,2.4807262556974736,1410000,3.253145217895508,1.0,0.99,1000000,6031.259538470697,0.0,40.67379441662996,486.16831776839524,0.99,5343.302279825366,10,140
0.0,0.0,16.367555618286133,0.0,-499.09918212890625,0.0,6389.087226127775,6279.217009008474,3.5699387401707954,0.064162477850914,2.4867599699912226,1420000,10.57994556427002,1.0,0.99,1000000,6465.394572832821,0.0,58.09898461698446,512.9501304082252,0.99,5349.109477184405,10,141
0.0,0.0,12.628570556640625,0.0,-513.3392944335938,0.0,6354.586072961606,6283.879800550154,3.578889788791662,0.06724794954061508,2.495711018612089,1430000,32.84407043457031,1.0,0.99,1000000,6436.291115479886,0.0,46.34724147967844,504.251038009944,0.99,5371.263693022842,10,142
0.0,0.0,3.3617160320281982,0.0,-508.1094665527344,0.0,6232.594167826933,6152.963634908178,3.586300677519434,0.06343744695186615,2.503121907339861,1440000,2.8595807552337646,1.0,0.99,1000000,6318.048794533439,0.0,46.02900871456096,488.91461089216847,0.99,5383.31670460434,10,143
0.0,0.0,2.025925397872925,0.0,-503.07720947265625,0.0,6146.48911036463,6080.1238707024795,3.5927283161724586,0.06816629320383072,2.509549545992886,1450000,3.1881051063537598,1.0,0.99,1000000,6251.609630597617,0.0,58.72285247647556,491.80972565257764,0.99,5404.632103790668,10,144
0.0,0.0,3.7694015502929688,0.0,-507.31744384765625,0.0,6158.024151272514,6075.763973396724,3.599339628150074,0.06734288483858109,2.516160857970501,1460000,3.620971202850342,1.0,0.99,1000000,6269.039006867389,0.0,64.93141079275392,495.0797286623423,0.99,5425.906271876921,10,145
0.0,0.0,4.084724426269531,0.0,-504.9800720214844,0.0,6501.298905273309,6415.5929275881235,3.606338431775366,0.0688503235578537,2.5231596615957934,1470000,4.206204891204834,1.0,0.99,1000000,6621.94675712874,0.0,60.65021611566942,511.2706634548293,0.99,5446.533329081149,10,146
0.0,0.0,2.4211318492889404,0.0,-502.458251953125,0.0,6306.902618502934,6162.5880843390405,3.6151929247060903,0.06356310844421387,2.5320141545265176,1480000,2.703767776489258,1.0,0.99,1000000,6519.988775180111,0.0,109.73599181520112,495.14236504842773,0.99,5503.057048233118,10,147
0.0,0.0,5.63486385345459,0.0,-521.4720458984375,0.0,6278.267051448673,6192.571870692825,3.6225895713838887,0.0621119923889637,2.539410801204316,1490000,4.615365505218506,1.0,0.99,1000000,6325.9142652718365,0.0,39.67872556829385,505.01141996030384,0.99,5545.427147653052,10,148
0.0,0.0,20.804180145263672,0.0,-514.634033203125,0.0,5834.439180449955,5775.0519521473125,3.6295543266356396,0.0633663535118103,2.546375556456067,1500000,28.29860496520996,1.0,0.99,1000000,5903.467943135134,0.0,42.98502380645372,471.0246769522212,0.99,5560.035900472457,10,149
0.0,0.0,3.813076972961426,0.0,-504.3626403808594,0.0,6348.4516877563765,6251.60452049697,3.633304534160776,0.06570526957511902,2.550125763981203,1510000,3.509148359298706,1.0,0.99,1000000,6410.876612401768,0.0,52.316271387277986,507.6599852394951,0.99,5564.287713559233,10,150
0.0,0.0,2.349045515060425,0.0,-510.1182556152344,0.0,6386.878653067138,6316.403266840119,3.6400335435687716,0.06649625301361084,2.556854773389199,1520000,2.479477643966675,1.0,0.99,1000000,6484.736654867442,0.0,52.80060684542439,515.6264749084492,0.99,5577.443634933295,10,151
0.0,0.0,2.7960727214813232,0.0,-495.6038818359375,0.0,6312.410731995513,6252.290892210365,3.6475941150265476,0.06411826610565186,2.564415344846975,1530000,4.972953796386719,1.0,0.99,1000000,6413.633705421222,0.0,46.820508024147315,503.8704547185309,0.99,5596.562664281379,10,152
0.0,0.0,3.732957601547241,0.0,-517.5155029296875,0.0,6445.938808889623,6379.305486148582,3.653724688327977,0.06225811690092087,2.570545918148404,1540000,3.6249256134033203,1.0,0.99,1000000,6536.566540453989,0.0,42.88791682760902,518.6136362322761,0.99,5609.953158836795,10,153
0.0,0.0,4.105482578277588,0.0,-523.396484375,0.0,6483.386047506064,6439.80997164912,3.661586123654062,0.06636783480644226,2.578407353474489,1550000,4.904421329498291,1.0,0.99,1000000,6552.464047091736,0.0,34.141215142372985,515.4886290030306,0.99,5642.752792525895,10,154
0.0,0.0,149.0883026123047,0.0,-523.52587890625,0.0,6575.150031955881,6504.823527348811,3.6688603667430035,0.06699609756469727,2.5856815965634308,1560000,147.23902893066406,1.0,0.99,1000000,6651.582160442173,0.0,49.851706129342965,520.3385672219752,0.99,5665.086762526702,10,155
0.0,0.0,8.286229133605957,0.0,-522.5698852539062,0.0,6434.549969995614,6372.71895940346,3.6761201025838894,0.07034575194120407,2.5929413324043167,1570000,4.936084747314453,1.0,0.99,1000000,6466.994163806141,0.0,29.459291500018374,514.7886831095636,0.99,5672.054191614239,10,156
0.0,0.0,3.7480103969573975,0.0,-511.77978515625,0.0,6698.025385407078,6640.335843837098,3.6823705712245056,0.06759870797395706,2.599191801044933,1580000,3.5192084312438965,1.0,0.99,1000000,6746.736549923557,0.0,28.610903709117355,527.612887070001,0.99,5683.150631321195,10,157
0.0,0.0,3.404413938522339,0.0,-524.7779541015625,0.0,6534.964715422609,6455.127170268753,3.690522109079875,0.06782122701406479,2.6073433389003022,1590000,3.4268195629119873,1.0,0.99,1000000,6638.713104459541,0.0,54.74958375548076,516.0234287649239,0.99,5701.217807800258,10,158
0.0,0.0,6.268925189971924,0.0,-538.0145263671875,0.0,6390.348471304225,6293.585649967649,3.697734141083609,0.06596574932336807,2.614555370904036,1600000,7.557468414306641,1.0,0.99,1000000,6464.61469606434,0.0,58.49594499335915,507.48300868766876,0.99,5713.014581557709,10,159
0.0,0.0,1.5517377853393555,0.0,-522.9987182617188,0.0,6560.715554074935,6478.684287320648,3.70381460999139,0.06295952200889587,2.620635839811817,1610000,1.9534292221069336,1.0,0.99,1000000,6628.403442316066,0.0,48.88919488357602,521.0331573239263,0.99,5730.250369696703,10,160
0.0,0.0,10.606060028076172,0.0,-525.8802490234375,0.0,6171.132781488146,6132.303808867192,3.711220608895951,0.06026575714349747,2.628041838716378,1620000,9.068753242492676,1.0,0.99,1000000,6194.79357296343,0.0,17.623823861459645,503.01786002092933,0.99,5751.685706429054,10,161
0.0,0.0,3.7750794887542725,0.0,-532.6505126953125,0.0,6289.411561698108,6229.326424659703,3.7162916957984757,0.06271204352378845,2.633112925618903,1630000,3.447690010070801,1.0,0.99,1000000,6361.063973622239,0.0,42.804371088706326,507.814150271386,0.99,5757.89750546414,10,162
0.0,0.0,4.344615459442139,0.0,-542.92529296875,0.0,6015.413296069865,5966.838570099939,3.7216767273679165,0.06804884225130081,2.638497957188344,1640000,5.117312908172607,1.0,0.99,1000000,6079.798998828701,0.0,29.66296934660668,491.10632821946973,0.99,5774.402217496082,10,163
0.0,0.0,5.325553894042969,0.0,-521.8317260742188,0.0,6402.856211166323,6253.757555446114,3.7255855499345985,0.06940296292304993,2.6424067797550257,1650000,6.307894706726074,1.0,0.99,1000000,6469.208682954992,0.0,67.20783244699767,513.2446372787479,0.99,5781.011921302042,10,164
0.0,0.0,2.859541654586792,0.0,-527.942626953125,0.0,6581.795944757718,6498.64775873918,3.731808625894906,0.07139603048563004,2.6486298557153334,1660000,3.1614251136779785,1.0,0.99,1000000,6642.354925114298,0.0,38.973486250094744,522.547570839969,0.99,5787.360969747328,10,165
0.0,0.0,10.033855438232422,0.0,-534.3937377929688,0.0,6514.345967341435,6458.478794531716,3.7390951600172375,0.07398246973752975,2.6559163898376648,1670000,10.154683113098145,1.0,0.99,1000000,6606.166163894413,0.0,41.71635712554591,519.377948267395,0.99,5799.09653155101,10,166
0.0,0.0,9.923502922058105,0.0,-539.1455078125,0.0,6388.288570220531,6320.806327949015,3.7456210704419846,0.07280096411705017,2.662442300262412,1680000,10.420103073120117,1.0,0.99,1000000,6450.10311743675,0.0,35.72279386363943,507.64138149998746,0.99,5814.304805514025,10,167
0.0,0.0,3.804799795150757,0.0,-536.6737060546875,0.0,6867.848785907421,6742.806189009614,3.750787595666266,0.0680481418967247,2.667608825486693,1690000,2.66827654838562,1.0,0.99,1000000,6949.287296151706,0.0,59.302165704823686,540.7379570950056,0.99,5823.9374784464,10,168
0.0,0.0,3.23750638961792,0.0,-550.1743774414062,0.0,6384.162075053622,6289.62642083573,3.7583137210055986,0.06405762583017349,2.675134950826026,1700000,3.2534546852111816,1.0,0.99,1000000,6468.263639958863,0.0,59.011535411500304,505.93246156175866,0.99,5835.118288445157,10,169
0.0,0.0,2.7049717903137207,0.0,-542.0338745117188,0.0,6476.40629740255,6447.196023785176,3.7642375509533235,0.06355616450309753,2.6810587807737507,1710000,3.819208860397339,1.0,0.99,1000000,6561.41604650318,0.0,35.73211652037379,520.0726748982539,0.99,5849.148272173149,10,170
0.0,0.0,7.933449745178223,0.0,-541.522705078125,0.0,6431.111857004245,6373.111999576817,3.7704836871639684,0.06710561364889145,2.6873049169843957,1720000,2.6832778453826904,1.0,0.99,1000000,6471.982108279328,0.0,31.482399056483047,517.1103780125935,0.99,5864.131703273974,10,171
0.0,0.0,5.0188517570495605,0.0,-541.7634887695312,0.0,6543.309809778088,6472.8199654442415,3.775991598694413,0.07096417993307114,2.6928128285148403,1730000,7.508030414581299,1.0,0.99,1000000,6621.54393824167,0.0,44.6943258689154,518.6858832795492,0.99,5869.014253197775,10,172
0.0,0.0,8.125197410583496,0.0,-548.5712890625,0.0,6300.492984939063,6140.928015921356,3.7826850452605556,0.07244867086410522,2.699506275080983,1740000,12.858909606933594,1.0,0.99,1000000,6414.529565389786,0.0,74.62525433067957,508.5603459391201,0.99,5881.103160616986,10,173
0.0,0.0,2.4007153511047363,0.0,-550.5014038085938,0.0,6787.183732979845,6671.217790999876,3.786817288228972,0.07111554592847824,2.703638518049399,1750000,2.3672494888305664,1.0,0.99,1000000,6896.848897870003,0.0,71.80943587386055,534.1309061609752,0.99,5888.010075946657,10,174
0.0,0.0,3.1587250232696533,0.0,-548.7131958007812,0.0,6532.365368453495,6404.761516505423,3.793125466090586,0.07388217002153397,2.7099466959110132,1760000,3.0089845657348633,1.0,0.99,1000000,6619.83981338398,0.0,60.52422196397657,525.4134874922937,0.99,5901.343981740424,10,175
0.0,0.0,5.860252857208252,0.0,-551.1702880859375,0.0,6463.49576677756,6332.559853969323,3.798583510754905,0.07693614065647125,2.715404740575332,1770000,5.893634796142578,1.0,0.99,1000000,6521.852895815833,0.0,50.87063844109355,514.9263531995975,0.99,5909.528905987069,10,176
0.0,0.0,10.996644973754883,0.0,-544.6629638671875,0.0,6542.5890983788095,6468.688317923868,3.8039927183017346,0.07641688734292984,2.720813948122162,1780000,15.975611686706543,1.0,0.99,1000000,6594.5579551853025,0.0,38.04107238958186,520.0948196492352,0.99,5913.734924072884,10,177
0.0,0.0,13.402697563171387,0.0,-546.3359375,0.0,6543.180536699417,6473.898589417016,3.8093738979463194,0.07284002751111984,2.7261951277667467,1790000,19.423046112060547,1.0,0.99,1000000,6623.034294543645,0.0,51.227383567003784,521.5315472275684,0.99,5922.597762057346,10,178
0.0,0.0,10.271747589111328,0.0,-554.2533569335938,0.0,6414.193133450599,6341.43827556456,3.81542391092911,0.07410339266061783,2.732245140749537,1800000,5.505288124084473,1.0,0.99,1000000,6553.715128003693,0.0,58.35875350499857,515.2453933260973,0.99,5933.048253416936,10,179
0.0,0.0,1.8555324077606201,0.0,-555.2185668945312,0.0,6603.389794953507,6480.600156783561,3.8200900164406817,0.07418505847454071,2.736911246261109,1810000,1.9558042287826538,1.0,0.99,1000000,6668.293778177177,0.0,62.783088669937335,531.3114813205042,0.99,5948.988825238199,10,180
0.0,0.0,2.0132627487182617,0.0,-538.6598510742188,0.0,6601.151724922328,6485.1475354264985,3.8257352465384296,0.07585985213518143,2.742556476358857,1820000,2.5030014514923096,1.0,0.99,1000000,6692.9858037869235,0.0,61.80792019273053,523.541868848981,0.99,5957.396973199006,10,181
0.0,0.0,7.60998010635376,0.0,-551.9521484375,0.0,6544.7964690850295,6477.589503615849,3.8318979383290306,0.07827611267566681,2.748719168149458,1830000,12.130355834960938,1.0,0.99,1000000,6600.133668529237,0.0,39.974082002171684,531.7392593566474,0.99,5966.275836520756,10,182
0.0,0.0,6.149127960205078,0.0,-555.8470458984375,0.0,6413.371184803432,6230.775265311717,3.837185579563643,0.07630592584609985,2.7540068093840704,1840000,4.507933139801025,1.0,0.99,1000000,6535.784559641151,0.0,99.05345991969958,521.89524595882,0.99,5977.186820749562,10,183
0.0,0.0,9.51224422454834,0.0,-557.4781494140625,0.0,6392.930264181111,6230.185774840002,3.8431790839389657,0.07530208677053452,2.760000313759393,1850000,10.557168960571289,1.0,0.99,1000000,6533.701491366294,0.0,90.12559152561941,522.9375209675107,0.99,5983.368350905797,10,184
0.0,0.0,2.052137613296509,0.0,-555.5279541015625,0.0,6426.908405218912,6337.7980249757775,3.847748122955429,0.07802775502204895,2.7645693527758564,1860000,2.0660910606384277,1.0,0.99,1000000,6483.078909006296,0.0,39.644737219623515,518.0628251278672,0.99,5987.644074668192,10,185
0.0,0.0,4.208996772766113,0.0,-563.6212158203125,0.0,6597.195474197635,6491.771778073293,3.8524772844702566,0.07963800430297852,2.769298514290684,1870000,3.793792963027954,1.0,0.99,1000000,6662.8615525789455,0.0,49.762129794738414,528.9703654247317,0.99,5992.000334382936,10,186
0.0,0.0,24.787677764892578,0.0,-546.8126831054688,0.0,6453.155839069439,6347.837827847172,3.858012536146244,0.08275613933801651,2.774833765966671,1880000,21.23964500427246,1.0,0.99,1000000,6529.776153602429,0.0,54.872328627349034,521.9593899086565,0.99,6002.641236770558,10,187
0.0,0.0,4.925337791442871,0.0,-563.368896484375,0.0,6690.358253345682,6589.890208607641,3.8634113193046127,0.08395612984895706,2.78023254912504,1890000,4.543430805206299,1.0,0.99,1000000,6826.818257975942,0.0,61.59030777193174,537.7705821986724,0.99,6006.294812213093,10,188
0.0,0.0,5.657651424407959,0.0,-557.1563110351562,0.0,6719.254225099625,6666.90844723326,3.8700400343545143,0.07973915338516235,2.7868612641749415,1900000,3.685659646987915,1.0,0.99,1000000,6770.7604702958515,0.0,37.26310986769948,539.1760532047456,0.99,6016.881123411394,10,189
0.0,0.0,4.134652137756348,0.0,-560.9938354492188,0.0,6601.499065372288,6514.642913783882,3.8757054168123877,0.08427361398935318,2.792526646632815,1910000,4.356477737426758,1.0,0.99,1000000,6657.955423687958,0.0,37.342149691399285,530.4836993336761,0.99,6027.874925656544,10,190
0.0,0.0,3.6057605743408203,0.0,-566.1199951171875,0.0,6591.965987346349,6547.377595489284,3.880887793189545,0.08088208734989166,2.7977090230099724,1920000,3.826692819595337,1.0,0.99,1000000,6689.2633605078445,0.0,44.75861076913881,529.3008313414807,0.99,6033.4798926768,10,191
0.0,0.0,5.397400856018066,0.0,-567.9435424804688,0.0,6520.44068680984,6419.841314875858,3.8864425450067817,0.07957986742258072,2.803263774827209,1930000,6.819084167480469,1.0,0.99,1000000,6593.203025285973,0.0,51.975551780493255,525.7241290617451,0.99,6047.1063413090615,10,192
0.0,0.0,5.626607894897461,0.0,-561.4082641601562,0.0,6559.171238383906,6521.737885996108,3.8912488128765417,0.08126784861087799,2.808070042696969,1940000,3.3741509914398193,1.0,0.99,1000000,6603.524435183369,0.0,27.58463106035735,524.5128644538961,0.99,6058.485144991945,10,193
0.0,0.0,5.866124153137207,0.0,-557.708984375,0.0,6732.495852779587,6601.426192786356,3.8953516675994253,0.07991150766611099,2.8121728974198525,1950000,3.3730971813201904,1.0,0.99,1000000,6812.663857481184,0.0,63.37893574662475,538.6284703859292,0.99,6069.929956619015,10,194
0.0,0.0,2.7634975910186768,0.0,-564.3161010742188,0.0,6758.218005766396,6686.602562794779,3.9018459387636204,0.07739809900522232,2.8186671685840476,1960000,3.001660108566284,1.0,0.99,1000000,6802.34583904034,0.0,32.8114929851538,532.9845224190813,0.99,6084.1309665547615,10,195
0.0,0.0,4.103693008422852,0.0,-570.3893432617188,0.0,6671.278460111445,6616.152941498666,3.9066461051653656,0.08196664601564407,2.823467334985793,1970000,5.200067043304443,1.0,0.99,1000000,6735.081675233903,0.0,35.4323898681787,536.2886285428209,0.99,6088.665650866857,10,196
0.0,0.0,1.5672656297683716,0.0,-549.577392578125,0.0,6689.486800225776,6648.348360743532,3.9116471323250814,0.07823355495929718,2.8284683621455087,1980000,2.4920992851257324,1.0,0.99,1000000,6744.585815233417,0.0,27.314169595918784,531.7102876733694,0.99,6095.796187579964,10,197
0.0,0.0,4.364901065826416,0.0,-571.9348754882812,0.0,6811.741200697294,6682.200597978653,3.9171689391261384,0.08019516617059708,2.8339901689465656,1990000,6.086576461791992,1.0,0.99,1000000,6962.883862359588,0.0,95.01158474850023,546.3479744613971,0.99,6106.852384129424,10,198
0.0,0.0,5.277531623840332,0.0,-568.1035766601562,0.0,6806.5353670456625,6768.512911877242,3.9223741353500894,0.08147487789392471,2.8391953651705166,2000000,3.9872374534606934,1.0,0.99,1000000,6866.992905852245,0.0,27.637358838963454,538.2648303590333,0.99,6112.138770099592,10,199
