ShortRL/RewardScale,Evaluation/NumEpisodes,ShortRL/StdHeuristic,ShortRL/MeanHeuristic,Evaluation/StdReturn,QF/Qf2Loss,ShortRL/GuidanceDiscount,Evaluation/Iteration,Average/TrainAverageReturn,TotalEnvSteps,AlphaTemperature/mean,ShortRL/Discount0,Evaluation/AverageReturn,Evaluation/MaxReturn,ShortRL/MinHeuristic,Evaluation/AverageDiscountedReturn,Evaluation/TerminationRate,ShortRL/MaxHeuristic,Evaluation/MinReturn,QF/Qf1Loss,ShortRL/Lambda,ReplayBuffer/buffer_size,ShortRL/RewardBias,Policy/Loss
0.12137603320551554,10,0.0,0.0,5.104768419965744,0.08630844950675964,0.999,0,-18.880853563098505,4000,0.6052613854408264,0.999,27.46424795981061,34.80784995532071,0.0,21.313006118521677,0.0,0.0,17.789344238614778,0.083895243704319,1.0,4000,-0.018878491897266203,-12.630953788757324
0.36208429787240975,10,0.0,0.0,2.1030423723387597,0.2065686583518982,0.999,1,-5.985805320666825,8000,0.38052621483802795,0.999,26.85605918589592,29.989852715685142,0.0,24.851992726008298,0.0,0.0,23.697586460011372,0.20202305912971497,1.0,8000,-0.005960901014381348,-18.240070343017578
0.36208429787240975,10,0.0,0.0,1.9607678293076805,0.09698846191167831,0.999,2,4.228766044861138,12000,0.23261696100234985,0.999,41.704468949926344,44.766588703262784,0.0,34.98782743511234,0.0,0.0,38.999326099360644,0.09363866597414017,1.0,12000,-0.005960901014381348,-21.01742935180664
0.36208429787240975,10,0.0,0.0,3.417685095758902,0.05820533633232117,0.999,3,7.626927323203903,16000,0.1436040997505188,0.999,42.752619674535346,46.85467067820465,0.0,36.09361574762547,0.0,0.0,37.16923605595293,0.05720554292201996,1.0,16000,-0.005960901014381348,-23.136856079101562
0.36208429787240975,10,0.0,0.0,2.481464394900642,0.0634155124425888,0.999,4,11.280441279767135,20000,0.0881686806678772,0.999,31.353443388359516,35.22299451242929,0.0,29.31109450617987,0.0,0.0,27.328269962344304,0.0754193440079689,1.0,20000,-0.005960901014381348,-25.28965950012207
0.36208429787240975,10,0.0,0.0,2.4056718047209773,0.03493897616863251,0.999,5,15.163752829717517,24000,0.055027201771736145,0.999,40.572210968697036,45.811738561614845,0.0,35.19057212959767,0.0,0.0,37.10258845204208,0.03285745531320572,1.0,24000,-0.005960901014381348,-25.435298919677734
0.36208429787240975,10,0.0,0.0,2.2488497983944007,0.03435814753174782,0.999,6,17.675140339316236,28000,0.03490084037184715,0.999,37.99422753103918,41.73508716175235,0.0,32.75335729636488,0.0,0.0,34.757662270835084,0.03393135219812393,1.0,28000,-0.005960901014381348,-27.192758560180664
0.36208429787240975,10,0.0,0.0,2.096283872550608,0.017432717606425285,0.999,7,19.34151698384721,32000,0.022542795166373253,0.999,41.73166160099665,45.03487053356301,0.0,36.26080379339342,0.0,0.0,38.27804685719002,0.018575258553028107,1.0,32000,-0.005960901014381348,-26.055179595947266
0.36208429787240975,10,0.0,0.0,3.1780085516381864,0.01913442462682724,0.999,8,20.586650207210642,36000,0.01480554137378931,0.999,45.71983238154769,50.84615075285427,0.0,38.46371127057661,0.0,0.0,40.3825625347242,0.020126428455114365,1.0,36000,-0.005960901014381348,-25.654823303222656
0.36208429787240975,10,0.0,0.0,24.19613191747004,0.01763037219643593,0.999,9,21.818124203617977,40000,0.014724083244800568,0.999,22.001946608421846,54.52929881778001,0.0,16.621051844224098,0.0,0.0,-22.887568716109072,0.01992124132812023,1.0,40000,-0.005960901014381348,-27.92765235900879
0.4010586025382496,10,0.0,0.0,3.6564298080307176,0.0284880418330431,0.999,10,21.49163890696954,44000,0.011253331787884235,0.999,43.525850964584336,48.28910065021613,0.0,35.43017004859881,0.0,0.0,37.62497597588501,0.024971622973680496,1.0,44000,0.02161356971943945,-31.259836196899414
0.4010586025382496,10,0.0,0.0,11.293960567872059,0.034731533378362656,0.999,11,22.545930807920893,48000,0.007677413988858461,0.999,-0.35358713169019074,23.523132174489053,0.0,2.835458946132019,0.0,0.0,-19.935408073793422,0.024410780519247055,1.0,48000,0.02161356971943945,-32.19166946411133
0.4010586025382496,10,0.0,0.0,11.581974105402265,0.038017209619283676,0.999,12,21.178738854374565,52000,0.011100973933935165,0.999,2.9096364915886794,19.39389753804792,0.0,3.8671617031051646,0.0,0.0,-19.15771648335453,0.026256492361426353,1.0,52000,0.02161356971943945,-33.8859748840332
0.4010586025382496,10,0.0,0.0,5.954972070619739,0.02278335578739643,0.999,13,20.57844720256787,56000,0.012041911482810974,0.999,32.90208801195587,45.08035724724533,0.0,30.709429141360765,0.0,0.0,25.608218645676242,0.023772798478603363,1.0,56000,0.02161356971943945,-39.679603576660156
0.4123309923504219,10,0.0,0.0,14.624228275522203,0.018115974962711334,0.999,14,21.31977522483579,60000,0.010824565775692463,0.999,-11.619074910269367,23.555435449382298,0.0,-8.488846257636661,0.0,0.0,-23.3269415939209,0.022677747532725334,1.0,60000,0.02140451210619615,-40.05851364135742
0.4123309923504219,10,0.0,0.0,4.934780648488749,0.016078200191259384,0.999,15,20.621138082374998,64000,0.009016425348818302,0.999,45.79711415170125,50.28058639718383,0.0,34.60419445735805,0.0,0.0,35.039700616708274,0.014496900141239166,1.0,64000,0.02140451210619615,-41.88127136230469
0.4123309923504219,10,0.0,0.0,2.470878444804934,0.010962238535284996,0.999,16,21.850138023637584,68000,0.007660351227968931,0.999,23.689996636309285,26.361287694916086,0.0,21.434735638314034,0.0,0.0,19.100533410849643,0.010403606109321117,1.0,68000,0.02140451210619615,-42.86561965942383
0.4123309923504219,10,0.0,0.0,2.5505504681439253,0.009606534615159035,0.999,17,22.05276255121194,72000,0.005497356876730919,0.999,45.39094393022098,49.431470507260975,0.0,39.30307336184689,0.0,0.0,41.445327165342604,0.010937814600765705,1.0,72000,0.02140451210619615,-43.23537063598633
0.4123309923504219,10,0.0,0.0,1.2353443666137995,0.0198719073086977,0.999,18,22.866621660527777,76000,0.004544888623058796,0.999,34.62225349926889,36.92323316947416,0.0,30.524214317808077,0.0,0.0,32.85342106470083,0.020759649574756622,1.0,76000,0.02140451210619615,-42.506656646728516
0.4123309923504219,10,0.0,0.0,3.3059865042494136,0.014095649123191833,0.999,19,23.005973773633052,80000,0.005762600805610418,0.999,12.30812420571873,19.815237326313913,0.0,11.983717891043808,0.0,0.0,7.5710460388772685,0.012965934351086617,1.0,80000,0.02140451210619615,-42.61634826660156
0.4123309923504219,10,0.0,0.0,6.9148504339017345,0.016480647027492523,0.999,20,22.553119017187885,84000,0.009543503634631634,0.999,21.07186985602687,35.243382953550395,0.0,16.682238083959383,0.0,0.0,9.481991509995773,0.011045390740036964,1.0,84000,0.02140451210619615,-45.19720458984375
0.4123309923504219,10,0.0,0.0,1.750899937587138,0.023051615804433823,0.999,21,22.072977147895937,88000,0.007502077613025904,0.999,48.417174249498466,51.59416225627288,0.0,42.40355503682015,0.0,0.0,45.31774529720052,0.011182700283825397,1.0,88000,0.02140451210619615,-47.270118713378906
0.4123309923504219,10,0.0,0.0,1.3570628863574794,0.011737866327166557,0.999,22,22.247991241822838,92000,0.009356805123388767,0.999,15.098859599320795,17.01965843415979,0.0,14.12895561061149,0.0,0.0,13.203108858519391,0.014855006709694862,1.0,92000,0.02140451210619615,-48.67060089111328
0.4123309923504219,10,0.0,0.0,1.0390545996005938,0.011975761502981186,0.999,23,22.196737661078256,96000,0.0071477508172392845,0.999,16.948158881760847,18.946684920889584,0.0,27.3055556576963,0.0,0.0,15.411987535136774,0.015172178857028484,1.0,96000,0.02140451210619615,-47.73869323730469
0.4123309923504219,10,0.0,0.0,0.89938108642228,0.013282869011163712,0.999,24,22.766999626343303,100000,0.005412894766777754,0.999,27.280935552489183,28.635007419751506,0.0,24.329579923675887,0.0,0.0,26.29279968667541,0.010408828966319561,1.0,100000,0.02140451210619615,-49.80842208862305
0.4123309923504219,10,0.0,0.0,0.84412630449393,0.006825805641710758,0.999,25,22.89527515647348,104000,0.00670221820473671,0.999,27.82956891103192,29.084976692738877,0.0,25.710380197221724,0.0,0.0,26.04099682972967,0.006659958511590958,1.0,104000,0.02140451210619615,-50.19722366333008
0.4123309923504219,10,0.0,0.0,11.790379536737857,0.01247306726872921,0.999,26,23.07876217384754,108000,0.008326294831931591,0.999,41.73282371127425,53.808875156724206,0.0,34.33119320273572,0.0,0.0,9.587699958508889,0.005922331474721432,1.0,108000,0.02140451210619615,-50.60161209106445
0.4123309923504219,10,0.0,0.0,0.8946595616698935,0.021107302978634834,0.999,27,23.656724311610393,112000,0.009591437876224518,0.999,39.22074286559834,40.63190741921817,0.0,36.38083542586308,0.0,0.0,37.57270754780302,0.019847718998789787,1.0,112000,0.02140451210619615,-50.2814826965332
0.4123309923504219,10,0.0,0.0,12.469334531413088,0.018825870007276535,0.999,28,25.51708553519037,116000,0.011099180206656456,0.999,-0.5952240483186578,20.219586255845527,0.0,-0.45657229682662487,0.0,0.0,-15.377833504455133,0.02140776626765728,1.0,116000,0.02140451210619615,-54.02532958984375
0.4123309923504219,10,0.0,0.0,1.5598538674712554,0.013755643740296364,0.999,29,24.794237860599797,120000,0.012425265274941921,0.999,27.82485137984174,30.002109474104905,0.0,24.6518206043903,0.0,0.0,24.130357430562583,0.011391337029635906,1.0,120000,0.02140451210619615,-53.65037155151367
0.4123309923504219,10,0.0,0.0,1.273425353635409,0.012778258882462978,0.999,30,26.24206520553643,124000,0.010737286880612373,0.999,36.02087336412151,37.59983237201685,0.0,32.16014552301726,0.0,0.0,34.376718860357315,0.021107304841279984,1.0,124000,0.02140451210619615,-56.88948059082031
0.4123309923504219,10,0.0,0.0,3.7375395966508576,0.006970108952373266,0.999,31,27.206627911538124,128000,0.006584778893738985,0.999,-2.541931957144985,0.9546087557631675,0.0,-0.6183915795405336,0.0,0.0,-10.399958021010839,0.011314250528812408,1.0,128000,0.02140451210619615,-57.23680877685547
0.4123309923504219,10,0.0,0.0,19.73443232682049,0.009483586996793747,0.999,32,26.983247101190116,132000,0.004902306944131851,0.999,2.3238903462090854,54.94076826229344,0.0,0.7081749642837485,0.0,0.0,-13.479627301186387,0.009012201800942421,1.0,132000,0.02140451210619615,-57.00837707519531
0.4123309923504219,10,0.0,0.0,5.884490847438971,0.013254586607217789,0.999,33,26.83038066655988,136000,0.008786569349467754,0.999,-2.1327331362694424,7.4005220868423125,0.0,-1.8268510736842738,0.0,0.0,-10.086087089453951,0.014862227253615856,1.0,136000,0.02140451210619615,-58.901344299316406
0.4123309923504219,10,0.0,0.0,10.697314550940805,0.01752234809100628,0.999,34,25.952576583396517,140000,0.012706561014056206,0.999,-2.6595619895097284,11.38909694246786,0.0,-1.9962461800761786,0.0,0.0,-21.068223280876897,0.01634174957871437,1.0,140000,0.02140451210619615,-62.41343688964844
0.4123309923504219,10,0.0,0.0,19.572543825274078,0.01854303665459156,0.999,35,24.70950928481618,144000,0.009266962297260761,0.999,-0.1894450926449153,25.85789550859986,0.0,0.06841308785489683,0.0,0.0,-26.21505057678851,0.018308918923139572,1.0,144000,0.02140451210619615,-62.772762298583984
0.4123309923504219,10,0.0,0.0,17.454264235002057,0.010343892499804497,0.999,36,23.903781132670396,148000,0.007920358330011368,0.999,44.20204926080311,51.650838141088514,0.0,38.98497858775694,0.0,0.0,-8.004174758153892,0.009474383667111397,1.0,148000,0.02140451210619615,-62.105369567871094
0.4123309923504219,10,0.0,0.0,0.9146603413180217,0.005540846846997738,0.999,37,24.052302259236857,152000,0.006240717135369778,0.999,17.071534810183582,18.470515080482365,0.0,16.579138151338494,0.0,0.0,15.522177796888899,0.00472520524635911,1.0,152000,0.02140451210619615,-64.4289779663086
0.4123309923504219,10,0.0,0.0,5.1731249580858085,0.01766917295753956,0.999,38,23.688696245761317,156000,0.011895326897501945,0.999,130.31815500237175,139.1358523278297,0.0,81.36551705735766,0.0,0.0,123.48178085790443,0.020184814929962158,1.0,156000,0.02140451210619615,-67.4222412109375
0.4123309923504219,10,0.0,0.0,0.9595373572905733,0.008616946637630463,0.999,39,26.733508932132768,160000,0.01236740779131651,0.999,44.188252025025804,45.93220654029642,0.0,39.6290718183467,0.0,0.0,42.82365746792469,0.014583872631192207,1.0,160000,0.02140451210619615,-67.11154174804688
0.4123309923504219,10,0.0,0.0,0.7355290940445319,0.00817777682095766,0.999,40,27.329871854347036,164000,0.013729166239500046,0.999,37.84079945764302,38.92113454882484,0.0,35.969745278746515,0.0,0.0,36.39637073031937,0.00848752073943615,1.0,164000,0.02140451210619615,-69.55101013183594
0.4123309923504219,10,0.0,0.0,11.516116561228507,0.01609206572175026,0.999,41,27.463932702091725,168000,0.007563827093690634,0.999,15.265661394203605,27.411403903652186,0.0,16.007142167453356,0.0,0.0,2.837636609048317,0.013486010022461414,1.0,168000,0.02140451210619615,-69.4120864868164
0.4123309923504219,10,0.0,0.0,5.13955315950799,0.009616613388061523,0.999,42,27.918465051476787,172000,0.005821846891194582,0.999,113.32214350171662,122.54637972475363,0.0,76.05515413922083,0.0,0.0,107.8296729833371,0.0068757664412260056,1.0,172000,0.02140451210619615,-68.16236877441406
0.4387645829571027,10,0.0,0.0,2.003925021110296,0.011415439657866955,0.999,43,31.103007091657652,176000,0.00529845617711544,0.999,41.73973620056133,44.7236339896987,0.0,31.981737438713772,0.0,0.0,37.41631793219669,0.009545452892780304,1.0,176000,0.028148681428780686,-71.3641357421875
0.4387645829571027,10,0.0,0.0,1.8628770210445245,0.017290521413087845,0.999,44,31.112752126276252,180000,0.004882041830569506,0.999,87.1486096264366,91.06052969935728,0.0,58.55120835319066,0.0,0.0,83.30855018975141,0.01536684948951006,1.0,180000,0.028148681428780686,-70.60719299316406
0.4387645829571027,10,0.0,0.0,9.603616731466657,0.00842460710555315,0.999,45,32.01041871303894,184000,0.00742137897759676,0.999,27.09938365123093,37.553807778814004,0.0,17.915434207856585,0.0,0.0,9.673164610593581,0.0074090491980314255,1.0,184000,0.028148681428780686,-70.8416748046875
0.4387645829571027,10,0.0,0.0,11.492719401503274,0.010575365275144577,0.999,46,31.4855229110653,188000,0.00800830777734518,0.999,127.97012885666035,140.32339125421154,0.0,89.57114424845815,0.0,0.0,109.8931177939234,0.01098913885653019,1.0,188000,0.028148681428780686,-71.50064086914062
0.46436273049773125,10,0.0,0.0,7.437984812879403,0.011352121829986572,0.999,47,35.16539003128368,192000,0.008058673702180386,0.999,140.464813407152,160.60667441069552,0.0,96.24255873138769,0.0,0.0,135.51887116449635,0.010902711190283298,1.0,192000,0.0308456990980977,-73.57061767578125
0.5040273056681929,10,0.0,0.0,0.7975620153571823,0.012098663486540318,0.999,48,38.539542712017514,196000,0.00576044712215662,0.999,84.47745999732577,85.64306192522274,0.0,60.56943773368242,0.0,0.0,82.8483029461405,0.009336830116808414,1.0,196000,0.03326586524412567,-74.80860137939453
0.5133312547692658,10,0.0,0.0,4.519237884456687,0.008795560337603092,0.999,49,41.40864713390259,200000,0.007420734968036413,0.999,120.27167050186274,131.5275036734497,0.0,77.44707231403736,0.0,0.0,112.65854351210571,0.008503408171236515,1.0,200000,0.034993700267946126,-73.09626007080078
0.5157456768827391,10,0.0,0.0,3.9147231331967114,0.010314247570931911,0.999,50,44.907074373195734,204000,0.009195657446980476,0.999,113.76813249860747,120.07303644892058,0.0,78.84812842673661,0.0,0.0,107.16488227776418,0.012054209597408772,1.0,204000,0.036799028423253305,-75.52562713623047
0.5412913709217233,10,0.0,0.0,8.428804147371423,0.009567727334797382,0.999,51,47.789131272819944,208000,0.006859305314719677,0.999,91.9280777785474,108.8507950796042,0.0,73.79201890442896,0.0,0.0,85.81762761547479,0.01187193114310503,1.0,208000,0.03810935430607543,-75.38214111328125
0.554141011642513,10,0.0,0.0,25.972477044041643,0.011948575265705585,0.999,52,50.871543096197755,212000,0.005600615404546261,0.999,25.5121835006205,43.24914587099042,0.0,20.386660205212216,0.0,0.0,-20.477440663324323,0.01082074735313654,1.0,212000,0.039790703818160744,-73.9667739868164
0.5708159101883408,10,0.0,0.0,6.955986775526682,0.013663655146956444,0.999,53,54.85412784471919,216000,0.007802273146808147,0.999,146.97204691300217,156.5926422033757,0.0,94.30366609446891,0.0,0.0,138.2479357278585,0.015291685238480568,1.0,216000,0.04186051804050839,-75.68155670166016
0.5730447419386879,10,0.0,0.0,0.8290529688235168,0.0092465253546834,0.999,54,57.22962382420131,220000,0.009858723729848862,0.999,157.27888948521326,158.90371605398337,0.0,102.54591120982136,0.0,0.0,156.28236165791168,0.0053472816944122314,1.0,220000,0.04319190381768967,-76.5640869140625
0.5851172638098908,10,0.0,0.0,9.5861090283163,0.006361738778650761,0.999,55,61.45974327937672,224000,0.0065888273529708385,0.999,157.75665570087105,173.6408382629488,0.0,101.63012242501752,0.0,0.0,143.344150084622,0.0056035928428173065,1.0,224000,0.045376465133918575,-77.8543930053711
0.6051725401017571,10,0.0,0.0,7.505564278282173,0.023314135149121284,0.999,56,65.5385247182682,228000,0.005213449243456125,0.999,162.79594964511324,173.1273239842505,0.0,104.50287086027234,0.0,0.0,149.89953316558095,0.013665284030139446,1.0,228000,0.04742920998075062,-78.22901153564453
0.619584914793727,10,0.0,0.0,5.343854822272149,0.009680083021521568,0.999,57,69.41796068219489,232000,0.00736243138089776,0.999,47.02728832554264,57.23201810250539,0.0,37.25588775230919,0.0,0.0,40.06929320832638,0.010422185063362122,1.0,232000,0.04951572942989135,-78.32456970214844
0.619584914793727,10,0.0,0.0,1.5828206492227679,0.008252199739217758,0.999,58,69.02308030518832,236000,0.008839287795126438,0.999,48.39618107013576,52.00807983894568,0.0,41.01233541161331,0.0,0.0,45.92877585008679,0.008323144167661667,1.0,236000,0.04951572942989135,-81.81515502929688
0.619584914793727,10,0.0,0.0,1.408522163376672,0.022033443674445152,0.999,59,70.93187644505056,240000,0.008562140166759491,0.999,200.8482263853538,202.7817790482318,0.0,123.41280704773949,0.0,0.0,197.93124430648638,0.010471168905496597,1.0,240000,0.04951572942989135,-81.06958770751953
0.6410614551681099,10,0.0,0.0,1.3801723016348535,0.006909254472702742,0.999,60,76.13566289566695,244000,0.0076592955738306046,0.999,163.00366089343447,165.68724709511244,0.0,108.23329038563845,0.0,0.0,160.90235084197278,0.007763254456222057,1.0,244000,0.05244364227259135,-83.45707702636719
0.6663832269863178,10,0.0,0.0,15.193549146461912,0.01221461035311222,0.999,61,80.67582274212141,248000,0.007978079840540886,0.999,181.92983149512065,188.00825224136912,0.0,118.25276459948904,0.0,0.0,136.37906598957244,0.01186292339116335,1.0,248000,0.05461754923772777,-84.32498931884766
0.6854754360500745,10,0.0,0.0,0.614746489284227,0.00886432733386755,0.999,62,86.63060852509476,252000,0.0098264804109931,0.999,179.76943948185902,181.05144736603728,0.0,118.0667393542705,0.0,0.0,179.07777694878027,0.007626860868185759,1.0,252000,0.05716202573362894,-81.46038818359375
0.7006325646999566,10,0.0,0.0,1.5912036051180363,0.039068397134542465,0.999,63,92.07983979713414,256000,0.009681296534836292,0.999,180.71411834105282,182.77568870941496,0.0,116.41105891844991,0.0,0.0,177.83798317189738,0.013555055484175682,1.0,256000,0.05927520084359916,-82.40625
0.7141245914248936,10,0.0,0.0,3.7785623621007116,0.011623482219874859,0.999,64,97.68595066562283,260000,0.009454694576561451,0.999,202.38130600881496,208.2984729846345,0.0,127.52658362101033,0.0,0.0,196.0354012184493,0.010257742367684841,1.0,260000,0.06116668576588491,-84.59114837646484
0.7300899061633793,10,0.0,0.0,0.7338340800862708,0.014646036550402641,0.999,65,104.28480331750828,264000,0.010189284570515156,0.999,199.45747562190886,200.52792355282108,0.0,127.37399860949026,0.0,0.0,198.05057285917954,0.018409427255392075,1.0,264000,0.06347383817187613,-86.01453399658203
0.7414888899901756,10,0.0,0.0,1.1232478567348931,0.014132006093859673,0.999,66,109.983342358681,268000,0.008539771661162376,0.999,175.71683671496064,176.720781155143,0.0,117.6362701188302,0.0,0.0,172.7059192006921,0.012153727002441883,1.0,268000,0.06544478956395572,-86.096435546875
0.7544161908738475,10,0.0,0.0,0.9219972879098648,0.009693226777017117,0.999,67,114.74611959470144,272000,0.009445763193070889,0.999,180.20082448422733,182.28215788172275,0.0,120.31049793350249,0.0,0.0,179.19582351284558,0.007662242278456688,1.0,272000,0.06733730736793364,-87.70988464355469
0.7696422122029701,10,0.0,0.0,2.35220854846097,0.011432827450335026,0.999,68,120.47328887753596,276000,0.01078814547508955,0.999,196.275014469293,200.5468969445992,0.0,127.77587356546351,0.0,0.0,191.96875791625658,0.01961829699575901,1.0,276000,0.06939183372620217,-88.12447357177734
0.7856117717421396,10,0.0,0.0,10.140547159995949,0.005548419896513224,0.999,69,122.95346533069537,280000,0.008609877899289131,0.999,202.29032236737766,219.3066449109571,0.0,132.76405993284894,0.0,0.0,188.59905865159394,0.007912356406450272,1.0,280000,0.0715047801764016,-89.08323669433594
0.7957757584281491,10,0.0,0.0,1.2637576582612031,0.011403805576264858,0.999,70,128.54581938377103,284000,0.008047925308346748,0.999,192.99460428740267,195.6526573406964,0.0,128.33196524727163,0.0,0.0,191.25806246859452,0.012259687297046185,1.0,284000,0.07364266048754153,-89.45793914794922
0.8081854805341677,10,0.0,0.0,1.1220474940170606,0.00896526500582695,0.999,71,133.85617545578899,288000,0.009582117199897766,0.999,213.61150937696829,215.3345438851472,0.0,134.7843909093994,0.0,0.0,211.75067516331714,0.00768819497898221,1.0,288000,0.0756182428986063,-91.03569793701172
0.820462074514141,10,0.0,0.0,3.9565852441536222,0.006548753939568996,0.999,72,139.9605263679453,292000,0.009031821973621845,0.999,214.0374372392905,224.0540450645084,0.0,137.3753462332654,0.0,0.0,209.31218242450007,0.005179528146982193,1.0,292000,0.07760338743793527,-92.21521759033203
0.8325330398707169,10,0.0,0.0,2.893509538232527,0.006081479135900736,0.999,73,142.9507920540656,296000,0.009297399781644344,0.999,183.93502971711794,187.7285877041371,0.0,121.81421523083505,0.0,0.0,178.08916159910754,0.006476829759776592,1.0,296000,0.07947983233560252,-91.7426986694336
0.8426134412844603,10,0.0,0.0,3.2038396379719987,0.009823117405176163,0.999,74,147.30627514690332,300000,0.008948324248194695,0.999,210.978198408041,213.61477981163594,0.0,135.24174115075226,0.0,0.0,201.7829312294041,0.012668944895267487,1.0,300000,0.08076105985167403,-92.22343444824219
0.8496869461419365,10,0.0,0.0,0.6316697473511237,0.005277673248201609,0.999,75,152.4575877430085,304000,0.008812600746750832,0.999,210.79049065025396,211.86090615744845,0.0,133.67014454762707,0.0,0.0,209.4804647032511,0.009697900153696537,1.0,304000,0.08244939667926177,-95.04766082763672
0.8565494727786113,10,0.0,0.0,0.6210847102495385,0.012303227558732033,0.999,76,158.2393631453,308000,0.009784157387912273,0.999,218.72569760474485,219.62023614549335,0.0,138.27941916969897,0.0,0.0,217.91403460095228,0.009805056266486645,1.0,308000,0.08420804686779437,-94.98064422607422
0.8638601673471586,10,0.0,0.0,1.6984548641459105,0.012362489476799965,0.999,77,159.91825718080966,312000,0.009755507111549377,0.999,191.84331598820486,195.20868654741489,0.0,127.51267348445522,0.0,0.0,189.6435223686857,0.011815386824309826,1.0,312000,0.08572818582091446,-94.3868179321289
0.868998112064953,10,0.0,0.0,1.7237951349359668,0.021603144705295563,0.999,78,161.81276224214454,316000,0.010021642781794071,0.999,217.91068850548055,219.61066733222302,0.0,138.40025513160836,0.0,0.0,215.16894166654467,0.007973339408636093,1.0,316000,0.08734681199660399,-95.5998306274414
0.8760043241145022,10,0.0,0.0,4.9182919101628615,0.006639312952756882,0.999,79,165.1033115099687,320000,0.009330433793365955,0.999,213.25428531401863,221.15122244637885,0.0,137.88180027040497,0.0,0.0,204.94117923054392,0.008539674803614616,1.0,320000,0.08914135965978187,-96.33219146728516
0.8831568742638793,10,0.0,0.0,2.148107995580186,0.0072489287704229355,0.999,80,168.36169432393532,324000,0.009429575875401497,0.999,218.49143811794926,220.44730764999926,0.0,139.30427000888864,0.0,0.0,212.2994697429124,0.010321035981178284,1.0,324000,0.09097426670340925,-99.68569946289062
0.8884867046147138,10,0.0,0.0,3.771544253398218,0.007663222495466471,0.999,81,172.1986517364727,328000,0.009681952185928822,0.999,193.20156881161154,199.4683035571171,0.0,129.34198123340929,0.0,0.0,189.41926418215346,0.007436053361743689,1.0,328000,0.09272443060033964,-99.29206085205078
0.8932906886938802,10,0.0,0.0,1.6608805973896636,0.005783517844974995,0.999,82,174.80205105236365,332000,0.009165862575173378,0.999,197.64744776021013,199.76206765938798,0.0,130.97794632710168,0.0,0.0,193.7769683265997,0.004063524305820465,1.0,332000,0.09419323512064803,-99.77326965332031
0.8988687992848913,10,0.0,0.0,1.6579319325002728,0.004910298623144627,0.999,83,176.62116737165135,336000,0.009230718947947025,0.999,210.07420456297822,211.96998365170901,0.0,134.25769733870044,0.0,0.0,206.92131126627962,0.005120462272316217,1.0,336000,0.09560441004156373,-98.97293853759766
0.9036989936728044,10,0.0,0.0,0.8683227049521967,0.014845984056591988,0.999,84,179.70663116946855,340000,0.009034828282892704,0.999,214.45686266185922,215.81873453700652,0.0,136.59232811316852,0.0,0.0,212.9362235562458,0.013694645836949348,1.0,340000,0.09705431337150544,-101.45906066894531
0.9085126817323128,10,0.0,0.0,8.021356193255171,0.006053892895579338,0.999,85,181.65643904172964,344000,0.009553324431180954,0.999,198.88572608405232,211.39017241596326,0.0,131.69878281569765,0.0,0.0,188.86882734584043,0.0077706254087388515,1.0,344000,0.0986240364311537,-101.77587890625
0.9136021017252405,10,0.0,0.0,2.081769258349214,0.007766117807477713,0.999,86,183.4780833019613,348000,0.009316416457295418,0.999,215.86847557016281,218.77739601883627,0.0,137.62000624346973,0.0,0.0,211.55073836957945,0.004459177143871784,1.0,348000,0.1000670248125286,-100.39221954345703
0.9192023470744717,10,0.0,0.0,1.563852597784822,0.005001795012503862,0.999,87,184.79358133303546,352000,0.009199169464409351,0.999,190.1958022820041,193.78928976923262,0.0,127.46396200196122,0.0,0.0,188.45915075571367,0.010966354981064796,1.0,352000,0.10134565660358558,-105.11140441894531
0.9237668326600018,10,0.0,0.0,2.1801898485644173,0.008333533070981503,0.999,88,189.23752922594022,356000,0.00899758841842413,0.999,201.89789821407163,204.47134814021976,0.0,133.0254598202715,0.0,0.0,198.84989519397035,0.006325358524918556,1.0,356000,0.10264843885036068,-101.91520690917969
0.9294277321454347,10,0.0,0.0,2.054032883784674,0.0038008152041584253,0.999,89,193.7171125454396,360000,0.00893801636993885,0.999,212.68539074510824,215.43042324401574,0.0,134.87051446355366,0.0,0.0,208.54926116248114,0.006723283790051937,1.0,360000,0.10387431817089082,-105.10903930664062
0.9351418152035009,10,0.0,0.0,0.8117197477151518,0.004376906435936689,0.999,90,194.11744124892246,364000,0.00913383811712265,0.999,214.3124428976902,215.29574994224342,0.0,135.68609378003396,0.0,0.0,212.97841152270152,0.004667722154408693,1.0,364000,0.10503633567726006,-105.0011215209961
0.9393723531613026,10,0.0,0.0,0.5343776454740535,0.006799355149269104,0.999,91,195.39131844238716,368000,0.008994216099381447,0.999,223.3868464548297,224.37872095788688,0.0,141.29427893688643,0.0,0.0,222.60249722910277,0.007000118028372526,1.0,368000,0.1064009086318406,-106.15644073486328
0.9449138270702415,10,0.0,0.0,0.7289144690358798,0.005297774448990822,0.999,92,195.47143249221168,372000,0.00892323162406683,0.999,218.31214267910096,219.13065230264405,0.0,138.8940597410026,0.0,0.0,217.02460639790826,0.0073083071038126945,1.0,372000,0.10759101223606571,-105.36688232421875
0.9489064121561852,10,0.0,0.0,5.026147871124191,0.013412517495453358,0.999,93,196.55777044263584,376000,0.009410296566784382,0.999,217.96640868751842,223.77715410800806,0.0,139.33285594363514,0.0,0.0,209.98277204778205,0.00655364990234375,1.0,376000,0.10888682309531578,-108.179931640625
0.953584211672177,10,0.0,0.0,2.966446084652273,0.005605545826256275,0.999,94,197.8639497925128,380000,0.009114972315728664,0.999,206.13373015432026,209.4331842056053,0.0,134.14980188092105,0.0,0.0,201.17361680357345,0.006982891820371151,1.0,380000,0.11012494769192294,-109.16249084472656
0.9575067017666878,10,0.0,0.0,0.9121625146751723,0.006018764339387417,0.999,95,198.3935437313058,384000,0.009270294569432735,0.999,214.62104430376672,216.09114080550597,0.0,136.44889091034636,0.0,0.0,213.09291761372376,0.006370368879288435,1.0,384000,0.11138978611604283,-108.51612854003906
0.9606442909707766,10,0.0,0.0,5.791944876764049,0.0053289118222892284,0.999,96,198.8894618800288,388000,0.008897912688553333,0.999,210.9839580155131,216.43313799109308,0.0,135.30685678964727,0.0,0.0,198.06736745955283,0.005656558554619551,1.0,388000,0.11242027783780367,-107.59674072265625
0.9640188816241715,10,0.0,0.0,0.9890261141733707,0.005715543869882822,0.999,97,199.4971292695633,392000,0.008868705481290817,0.999,213.30448151614306,214.2577889134709,0.0,135.84318842480954,0.0,0.0,211.14018434858932,0.006086374633014202,1.0,392000,0.11345630777481425,-109.90669250488281
0.9670470040910163,10,0.0,0.0,0.7005738436679404,0.0076032839715480804,0.999,98,199.91903900119266,396000,0.008984477259218693,0.999,214.04034615927768,215.12464868661425,0.0,136.48648330104547,0.0,0.0,212.6965144674456,0.0037850448861718178,1.0,396000,0.11456318376948615,-109.73063659667969
0.9696652686033013,10,0.0,0.0,2.583934097086466,0.004752230364829302,0.999,99,200.13410649959653,400000,0.009043896570801735,0.999,217.72217853848207,221.2567010745005,0.0,139.1419182170758,0.0,0.0,212.28002044123969,0.00598073611035943,1.0,400000,0.11565951268256514,-110.97163391113281
0.9735897179591078,10,0.0,0.0,2.1071180024911462,0.012804875150322914,0.999,100,200.0120721992612,404000,0.009220161475241184,0.999,212.74644170652263,214.8360380809761,0.0,135.76586634127256,0.0,0.0,207.62337674587508,0.00660892017185688,1.0,404000,0.11667536620134467,-110.38253021240234
0.9763156999575957,10,0.0,0.0,4.23443315586525,0.004858341068029404,0.999,101,200.2814033024668,408000,0.00895434245467186,0.999,215.19149756680963,217.92876698455729,0.0,137.4711858443099,0.0,0.0,202.6556940366536,0.008487209677696228,1.0,408000,0.11773442424273606,-112.28113555908203
0.9797021162668533,10,0.0,0.0,6.95993949957201,0.005109023302793503,0.999,102,200.26909511489936,412000,0.009167732670903206,0.999,199.3965472244875,206.69322284721525,0.0,129.48324691409445,0.0,0.0,184.4097441136436,0.005232795141637325,1.0,412000,0.11872091375849819,-113.05406188964844
0.9817483969450007,10,0.0,0.0,5.984097017032396,0.01076972484588623,0.999,103,200.23191123640947,416000,0.009060917422175407,0.999,205.24591236169482,213.36176048192118,0.0,133.89498242280575,0.0,0.0,193.93071563745355,0.009765994735062122,1.0,416000,0.11963802475915486,-113.09916687011719
0.9844287854319235,10,0.0,0.0,7.759910806717973,0.007051786407828331,0.999,104,201.70014287667604,420000,0.009168668650090694,0.999,204.7830000079488,217.79535151890323,0.0,134.82912096332402,0.0,0.0,194.19743918519396,0.006735409144312143,1.0,420000,0.1206516250603954,-114.99288940429688
0.9876210967104816,10,0.0,0.0,1.6804573675691243,0.007626837119460106,0.999,105,202.5615622157553,424000,0.009477624669671059,0.999,191.4895357330226,195.5781358417824,0.0,128.53598636111246,0.0,0.0,189.10036984531484,0.005969465244561434,1.0,424000,0.12176996717356336,-113.96717071533203
0.9905469509060154,10,0.0,0.0,1.0569775074372836,0.0056093353778123856,0.999,106,202.86788885778302,428000,0.009182424284517765,0.999,215.91830695134036,216.8789918123109,0.0,137.53846175539303,0.0,0.0,213.2758852189491,0.004970764275640249,1.0,428000,0.12276331783541855,-117.22286224365234
0.9935989407128315,10,0.0,0.0,1.0693376132572745,0.0028352253139019012,0.999,107,203.59600885431522,432000,0.009193026460707188,0.999,212.0152991744731,213.57389161392703,0.0,135.92495180416728,0.0,0.0,210.20307212089764,0.005787764675915241,1.0,432000,0.12373462909474753,-116.69314575195312
0.9959788447687146,10,0.0,0.0,2.1844778500159863,0.010165845975279808,0.999,108,203.6076057399553,436000,0.009017121978104115,0.999,214.41682737544926,217.03478346975172,0.0,136.9680556236572,0.0,0.0,208.71078274991254,0.005062590818852186,1.0,436000,0.12455017015622194,-117.47987365722656
0.9992764080524985,10,0.0,0.0,1.179559407651839,0.006210327614098787,0.999,109,203.325082814133,440000,0.008417022414505482,0.999,219.66697929906937,220.90084750629225,0.0,140.08762695510296,0.0,0.0,216.6592827006642,0.008701345883309841,1.0,440000,0.12541848401088962,-117.05477905273438
1.0024711520217047,10,0.0,0.0,1.0526072586267745,0.0036024432629346848,0.999,110,202.99237910975336,444000,0.008211901411414146,0.999,219.16707366923342,220.9142849642528,0.0,139.68839447795378,0.0,0.0,217.56028195459595,0.007363068405538797,1.0,444000,0.12631820508139135,-119.13339233398438
1.0048852064054594,10,0.0,0.0,1.1114954014153362,0.006532399449497461,0.999,111,202.61511096502562,448000,0.008111715316772461,0.999,200.2706121468827,201.72277903331516,0.0,133.42016888690287,0.0,0.0,198.49068077935462,0.011754876002669334,1.0,448000,0.1271575721496387,-119.88108825683594
1.008496531080357,10,0.0,0.0,0.9380644296774207,0.005669080652296543,0.999,112,203.2281909777525,452000,0.008518395945429802,0.999,218.0345598710218,219.56136375643058,0.0,139.25957930307828,0.0,0.0,216.98486751741856,0.0074995337054133415,1.0,452000,0.12812263989481526,-119.69024658203125
1.0118444499138504,10,0.0,0.0,3.7076568647312973,0.0044676619581878185,0.999,113,203.79644766906875,456000,0.00849847961217165,0.999,213.6866192907214,220.61714244505876,0.0,138.3244945319438,0.0,0.0,209.28764809784317,0.007932651787996292,1.0,456000,0.12903832625736178,-119.52102661132812
1.0143912720635577,10,0.0,0.0,0.8015374804903544,0.004699478857219219,0.999,114,203.84836015399716,460000,0.008259064517915249,0.999,216.97682653647635,217.97033592852551,0.0,138.4971953799847,0.0,0.0,215.04241152483934,0.00355274579487741,1.0,460000,0.1298265627357149,-120.00537109375
1.0163897292316986,10,0.0,0.0,0.5875335903573353,0.0038839145563542843,0.999,115,203.53300961895528,464000,0.00820823386311531,0.999,216.84379315506467,217.79054090587437,0.0,138.34447680747652,0.0,0.0,215.91968405396614,0.006417113821953535,1.0,464000,0.13060322491827825,-121.70600128173828
1.019028806641096,10,0.0,0.0,3.8128507349121064,0.0050074076279997826,0.999,116,203.46367502421526,468000,0.008827556855976582,0.999,222.49392816294977,230.15071037492402,0.0,142.7656605540134,0.0,0.0,216.09887779871883,0.004214414861053228,1.0,468000,0.1313742452635241,-122.82099151611328
1.0228397707140402,10,0.0,0.0,1.4189445836757604,0.0036586427595466375,0.999,117,204.34110908089997,472000,0.008488212712109089,0.999,222.971270659567,224.35434160055257,0.0,142.42515743886167,0.0,0.0,219.11633465782782,0.002343944273889065,1.0,472000,0.13232989418393615,-122.60134887695312
1.0256551009939874,10,0.0,0.0,0.587243758932276,0.004068803507834673,0.999,118,204.52878425614372,476000,0.00851963460445404,0.999,223.0980048459856,224.04645006197825,0.0,142.31301954803203,0.0,0.0,222.2086413675594,0.0033074067905545235,1.0,476000,0.13309285600376025,-124.81575012207031
1.0284006000006294,10,0.0,0.0,6.196861066664841,0.0039401426911354065,0.999,119,204.7530428361238,480000,0.00827663205564022,0.999,214.33256506109507,221.6818594957138,0.0,138.60211091308213,0.0,0.0,200.75264562210975,0.0064360047690570354,1.0,480000,0.13381678350673054,-126.07288360595703
1.0307009894425303,10,0.0,0.0,3.4134391918144895,0.006441444158554077,0.999,120,205.10264773694416,484000,0.008438598364591599,0.999,205.10518568324272,209.99771470350962,0.0,136.34397099389557,0.0,0.0,199.38856809660678,0.006862155161798,1.0,484000,0.13453846185178636,-124.2230453491211
1.033129281496682,10,0.0,0.0,0.6078217577112328,0.00436220970004797,0.999,121,204.92530678578393,488000,0.00818080734461546,0.999,228.54709347586748,229.49095762788878,0.0,145.52378716764937,0.0,0.0,227.78914398563526,0.006386172957718372,1.0,488000,0.13526653010539985,-124.27113342285156
1.0361500750989507,10,0.0,0.0,0.5836871271357139,0.004433333873748779,0.999,122,205.22382724822893,492000,0.007913114503026009,0.999,229.89284517133342,230.92406488375454,0.0,146.26451479000895,0.0,0.0,229.17618604314217,0.004112414550036192,1.0,492000,0.13601339557832365,-127.28353118896484
1.0391806623980366,10,0.0,0.0,1.295457090271828,0.0043623968958854675,0.999,123,205.44738537771755,496000,0.008131783455610275,0.999,231.12502046954364,232.75261975306304,0.0,147.01236651839614,0.0,0.0,227.67127808951918,0.002036027843132615,1.0,496000,0.13683025779012592,-125.99202728271484
1.0418475623903152,10,0.0,0.0,0.765754139896387,0.004754719324409962,0.999,124,206.0406660503167,500000,0.007956106215715408,0.999,222.07304784410667,222.93468337608974,0.0,141.79464371206313,0.0,0.0,220.6657381370043,0.0030426299199461937,1.0,500000,0.13772219577614142,-129.42440795898438
1.0441035644972347,10,0.0,0.0,5.803456539776101,0.010544526390731335,0.999,125,206.1978419893895,504000,0.00826029758900404,0.999,223.70599374529425,231.21010149318582,0.0,143.97503807699798,0.0,0.0,216.6559884971487,0.007167484145611525,1.0,504000,0.1385101871329419,-129.00225830078125
1.046549695014879,10,0.0,0.0,3.297572647136666,0.006276451516896486,0.999,126,206.7714322603327,508000,0.007801082916557789,0.999,215.22175013843315,221.1999658135672,0.0,141.81636052686383,0.0,0.0,210.52086431966367,0.006981448270380497,1.0,508000,0.13924305085105715,-128.67611694335938
1.049456192127623,10,0.0,0.0,6.053449219886739,0.010334702208638191,0.999,127,207.6734505732884,512000,0.008180026896297932,0.999,224.20293045712774,230.16510799500995,0.0,144.37753773718424,0.0,0.0,213.7328208409638,0.008262915536761284,1.0,512000,0.1400839307121971,-129.8134307861328
1.0519947585576899,10,0.0,0.0,6.461381949006569,0.004027334973216057,0.999,128,208.312124684772,516000,0.007716174237430096,0.999,213.85669783953585,224.73181702260183,0.0,140.0204359874645,0.0,0.0,203.00234103523465,0.008673802018165588,1.0,516000,0.14090790962970073,-129.70968627929688
1.055253147981145,10,0.0,0.0,3.303439284949853,0.0059972056187689304,0.999,129,208.45556069320313,520000,0.00805339589715004,0.999,221.78326311459972,226.33390599914117,0.0,142.24236254956992,0.0,0.0,214.11082781837806,0.007132228929549456,1.0,520000,0.14158247294509474,-130.06407165527344
1.0568403796821288,10,0.0,0.0,3.288695289139766,0.003080221125856042,0.999,130,208.69303751713804,524000,0.007732737809419632,0.999,227.30272894790133,230.3806925771171,0.0,145.33188386830864,0.0,0.0,220.87980688957808,0.002618099097162485,1.0,524000,0.14222627450160252,-132.26515197753906
1.0592796288172979,10,0.0,0.0,0.6013209752709627,0.005996163468807936,0.999,131,208.75984474614108,528000,0.00807174202054739,0.999,226.29191148457963,227.51725429770906,0.0,144.28954753659414,0.0,0.0,225.1723221496542,0.004180634394288063,1.0,528000,0.1428620645450731,-129.99635314941406
1.061218269313427,10,0.0,0.0,3.0644593386328016,0.004565259907394648,0.999,132,209.37614413725817,532000,0.00766084436327219,0.999,200.95413321431982,209.48364445308516,0.0,134.0187635245432,0.0,0.0,197.73302653443153,0.004297894425690174,1.0,532000,0.14360525371979677,-130.89093017578125
1.0628732560431078,10,0.0,0.0,0.6640622559443179,0.008039053529500961,0.999,133,209.4937252640752,536000,0.007886380888521671,0.999,228.35679106910894,229.54686542969512,0.0,145.09564931231523,0.0,0.0,227.4705613039474,0.008078265003859997,1.0,536000,0.1441519898881789,-132.7950439453125
1.0656953664604498,10,0.0,0.0,3.522645654862701,0.0032327156513929367,0.999,134,209.62311888087365,540000,0.007990067824721336,0.999,210.60917059902022,216.76413380294844,0.0,138.7046419493244,0.0,0.0,204.31910208508856,0.0027518291026353836,1.0,540000,0.14478772238360954,-134.60455322265625
1.06714409820082,10,0.0,0.0,3.1495778748930303,0.006982683669775724,0.999,135,209.57684534421352,544000,0.007871229201555252,0.999,204.19329735988526,208.31158337137668,0.0,135.78707476429634,0.0,0.0,199.84470121424314,0.009367337450385094,1.0,544000,0.14546593386837592,-133.62554931640625
1.0692719237372528,10,0.0,0.0,2.0324021926917983,0.004073700401932001,0.999,136,210.02575090313806,548000,0.007565576583147049,0.999,225.87135878033342,228.407435185898,0.0,143.93442424826705,0.0,0.0,221.60815748951674,0.0034506618976593018,1.0,548000,0.14618904162850144,-132.90133666992188
1.0720043404675503,10,0.0,0.0,2.3691625868887933,0.004061385989189148,0.999,137,210.00479352518187,552000,0.007679167669266462,0.999,227.20951832537008,229.43958643268513,0.0,144.53791948970502,0.0,0.0,220.8567977923747,0.0029673706740140915,1.0,552000,0.1467659246766897,-134.56658935546875
1.0745031770238447,10,0.0,0.0,2.288597400351619,0.005883724428713322,0.999,138,210.68771279322075,556000,0.00765003589913249,0.999,227.2740978109642,231.3696983309559,0.0,145.4518190233473,0.0,0.0,222.93762170052236,0.009072043001651764,1.0,556000,0.14741783438704115,-135.52381896972656
1.0765732687028338,10,0.0,0.0,5.789771814125588,0.0022932933643460274,0.999,139,211.15904301952966,560000,0.007699531968683004,0.999,221.34476877432772,228.0583108533892,0.0,142.732652520156,0.0,0.0,210.753943872256,0.0026015755720436573,1.0,560000,0.14805747176428302,-136.68304443359375
1.07854680705188,10,0.0,0.0,1.1444249813244503,0.00527213653549552,0.999,140,211.6819448979606,564000,0.007920966483652592,0.999,228.97924560009363,230.4709874198882,0.0,145.1879096574125,0.0,0.0,226.7013286934559,0.0067330957390367985,1.0,564000,0.14874147367148294,-136.36915588378906
1.0812758658721184,10,0.0,0.0,1.140688531929843,0.0037478492595255375,0.999,141,211.649713657798,568000,0.0076143378391861916,0.999,203.52166010817533,205.37794544388368,0.0,135.94742147639911,0.0,0.0,201.91896696841152,0.007400700356811285,1.0,568000,0.14922549446488392,-136.6341552734375
1.0839736885070115,10,0.0,0.0,4.823508355665467,0.0029025862459093332,0.999,142,211.8430162324148,572000,0.007415046915411949,0.999,225.70740826683954,232.78951971982255,0.0,145.03935839295346,0.0,0.0,218.52236222617134,0.0031595644541084766,1.0,572000,0.14988206694674022,-138.40042114257812
1.0863610244444002,10,0.0,0.0,2.8803547254012662,0.015904100611805916,0.999,143,211.8886565160353,576000,0.00766031863167882,0.999,224.89017490348024,228.5870106043702,0.0,144.24795974733783,0.0,0.0,219.5157855924207,0.005104415118694305,1.0,576000,0.1504620674253812,-138.2744903564453
1.0887566455376412,10,0.0,0.0,4.260728004555229,0.0053326403722167015,0.999,144,211.85925327488033,580000,0.007402375340461731,0.999,220.1752089067019,226.15128900572407,0.0,141.62166996845934,0.0,0.0,213.75114147645422,0.0034315267112106085,1.0,580000,0.15092015201906972,-139.40843200683594
1.0912042131972477,10,0.0,0.0,5.363054053099502,0.006454244256019592,0.999,145,211.83831775044843,584000,0.007537698373198509,0.999,218.3295833221241,228.38367959039417,0.0,141.64385570590338,0.0,0.0,211.14644752861284,0.003954662941396236,1.0,584000,0.1513759079721298,-138.90634155273438
1.093723598608922,10,0.0,0.0,1.4317086974244564,0.003966333344578743,0.999,146,211.92230160369218,588000,0.007542531006038189,0.999,232.90110062505536,234.35245543734786,0.0,148.2215692733249,0.0,0.0,229.7869497093796,0.006428309716284275,1.0,588000,0.1518602246207672,-139.62612915039062
1.095736882669008,10,0.0,0.0,1.7303359061615766,0.007896672934293747,0.999,147,211.85249116661396,592000,0.007314725778996944,0.999,231.8022392554677,234.29502138674422,0.0,147.5697304313647,0.0,0.0,229.29725994645298,0.007776571437716484,1.0,592000,0.15246326715119168,-141.68310546875
1.0982027375765233,10,0.0,0.0,4.87803087849204,0.0064830295741558075,0.999,148,212.3619420466001,596000,0.0073939296416938305,0.999,221.77218430484854,228.68387404438093,0.0,144.3919295211849,0.0,0.0,211.45648825895665,0.005802098661661148,1.0,596000,0.15306374834041314,-141.0746612548828
1.100999397549499,10,0.0,0.0,2.6024564697751873,0.004082591272890568,0.999,149,212.8388753267901,600000,0.007626521401107311,0.999,217.2513219214086,221.3017455833607,0.0,141.00732963385857,0.0,0.0,213.60407670467325,0.004119041375815868,1.0,600000,0.15362533737620532,-140.85464477539062
1.1027357210785478,10,0.0,0.0,3.5575063039588177,0.005204425193369389,0.999,150,212.95373555590962,604000,0.007451370358467102,0.999,225.67217177709284,231.52713180641214,0.0,145.15333828585256,0.0,0.0,217.24863874401834,0.00550609128549695,1.0,604000,0.15409197170581068,-142.2198486328125
1.105026834245074,10,0.0,0.0,2.0431152913699178,0.003050282597541809,0.999,151,212.87633016143883,608000,0.0072815087623894215,0.999,231.39541785286065,233.8056020294311,0.0,147.18596847060437,0.0,0.0,227.2931962320533,0.0027585523203015327,1.0,608000,0.15451730996161372,-143.05870056152344
1.1068240277548158,10,0.0,0.0,0.8375438392293855,0.006555104628205299,0.999,152,213.33498680603196,612000,0.00755695253610611,0.999,233.68777651152269,235.11365921488596,0.0,149.03033160051353,0.0,0.0,232.18175781519807,0.008484695106744766,1.0,612000,0.155103534641921,-144.69345092773438
1.1084485335025518,10,0.0,0.0,1.0340034576785864,0.0044831386767327785,0.999,153,213.60734680531593,616000,0.007734991144388914,0.999,229.80088030112694,231.64017247556927,0.0,145.75175803841884,0.0,0.0,228.5021791808439,0.0030204751528799534,1.0,616000,0.1557032851321311,-143.31735229492188
1.1102587301011309,10,0.0,0.0,0.9819658875683985,0.002921963343396783,0.999,154,213.45616101828517,620000,0.007104433607310057,0.999,202.83094519402,204.3380656568224,0.0,135.79694392831644,0.0,0.0,201.59870071995243,0.002428801031783223,1.0,620000,0.15626054275024703,-144.54051208496094
1.1120114802232628,10,0.0,0.0,0.30846639864422143,0.0030392026528716087,0.999,155,213.35302785631995,624000,0.007029433269053698,0.999,237.06470113294785,237.7579840814476,0.0,150.2272938446435,0.0,0.0,236.62190528564244,0.003171124029904604,1.0,624000,0.15674646047302115,-144.3963623046875
1.1142283831324307,10,0.0,0.0,1.2924826619334882,0.003176806727424264,0.999,156,213.4727986740771,628000,0.007330853957682848,0.999,203.92765443200435,206.4204449420644,0.0,136.1342137373237,0.0,0.0,202.3343925061812,0.005132860504090786,1.0,628000,0.15724695495903523,-144.8846435546875
1.116042203366185,10,0.0,0.0,1.2558879038400228,0.005399108398705721,0.999,157,213.27444199398536,632000,0.007721554953604937,0.999,204.58377625505454,206.66787012033188,0.0,136.87433838112574,0.0,0.0,203.1041105243126,0.004211038816720247,1.0,632000,0.15776206896005518,-143.15130615234375
1.117805684704235,10,0.0,0.0,0.5853579028350051,0.005573427304625511,0.999,158,212.8082994939827,636000,0.007596868090331554,0.999,202.73962593953675,203.6815853549186,0.0,135.49004727548612,0.0,0.0,202.00126177801528,0.009522809647023678,1.0,636000,0.15819917787653176,-144.36898803710938
1.1202616209769123,10,0.0,0.0,0.33602799197137634,0.005784912500530481,0.999,159,213.2157189989711,640000,0.007488828618079424,0.999,226.4257932231357,226.99665428406016,0.0,143.16607431536264,0.0,0.0,225.93239098871445,0.00675785169005394,1.0,640000,0.15873497812117265,-145.74996948242188
1.1222531627872459,10,0.0,0.0,1.686456312538156,0.004487083293497562,0.999,160,213.58045882315452,644000,0.007570488378405571,0.999,208.6258416087814,213.30471572209075,0.0,138.42400068452253,0.0,0.0,207.1923020466392,0.005394463427364826,1.0,644000,0.15923581591275138,-146.8273162841797
1.1243419030943267,10,0.0,0.0,1.117123120491384,0.0038946925196796656,0.999,161,214.14018177549164,648000,0.007507015950977802,0.999,231.5656231361842,232.99104442999032,0.0,146.83208081634686,0.0,0.0,229.4888818891845,0.0035639561247080564,1.0,648000,0.15978098126016987,-146.89813232421875
1.1259031293354078,10,0.0,0.0,1.032319189975858,0.006016045808792114,0.999,162,214.16973599081453,652000,0.007218813989311457,0.999,205.00274418846934,206.46024282715905,0.0,136.6965129755933,0.0,0.0,203.58321834600892,0.0033453574869781733,1.0,652000,0.16028751468340946,-147.68211364746094
1.1274846729173529,10,0.0,0.0,2.698441622578886,0.004988108295947313,0.999,163,214.31348541503183,656000,0.006923498120158911,0.999,205.72011890673033,213.1192397822833,0.0,137.33809800503664,0.0,0.0,203.02912195378028,0.005191648844629526,1.0,656000,0.16065641217367505,-148.61196899414062
1.1291034147025933,10,0.0,0.0,2.4989865203772643,0.005741715896874666,0.999,164,214.36417441325952,660000,0.007278075907379389,0.999,203.83669391483784,208.7692284040008,0.0,136.39567659087564,0.0,0.0,201.2564611927989,0.009492343291640282,1.0,660000,0.16108160175965147,-148.70095825195312
1.1302619763840034,10,0.0,0.0,1.5568541091573964,0.004432979039847851,0.999,165,213.8659021309985,664000,0.007051066029816866,0.999,217.7834637738887,221.48040582299242,0.0,141.60563633436502,0.0,0.0,215.55630742698455,0.004581999033689499,1.0,664000,0.1614110456760704,-147.03775024414062
1.1324805357168124,10,0.0,0.0,0.44049057166184513,0.004638520535081625,0.999,166,213.8076451741594,668000,0.007604885380715132,0.999,233.73325347801452,234.25406790622185,0.0,147.99614198094463,0.0,0.0,232.98287758633006,0.005366213154047728,1.0,668000,0.1618921562992941,-149.09718322753906
1.1342439643974163,10,0.0,0.0,0.9360270466887929,0.005445723421871662,0.999,167,214.36414616482463,672000,0.007855810225009918,0.999,226.47240298977513,227.74838573585765,0.0,143.174794696108,0.0,0.0,225.02257347217713,0.007323529105633497,1.0,672000,0.16240030962193758,-148.69520568847656
1.135966188467086,10,0.0,0.0,1.0974201330488218,0.008589490316808224,0.999,168,214.4638088962293,676000,0.0076387501321733,0.999,220.0691283501682,221.54246017354254,0.0,140.87967480374414,0.0,0.0,218.16798805127013,0.006517413072288036,1.0,676000,0.1628634729872147,-148.4690399169922
1.1379816541170886,10,0.0,0.0,1.7117497813476616,0.005251404829323292,0.999,169,214.49630664574204,680000,0.007368254475295544,0.999,203.9079134549552,206.75308459073324,0.0,136.32714423401546,0.0,0.0,201.6720813531849,0.0036782394163310528,1.0,680000,0.16330226528690767,-149.45040893554688
1.1392947201122336,10,0.0,0.0,0.7203146746819356,0.0029789148829877377,0.999,170,214.0672085536868,684000,0.007530050352215767,0.999,207.99014262864938,209.24544866402482,0.0,139.2450942245073,0.0,0.0,206.99848384078842,0.0034663307014852762,1.0,684000,0.16367078178650235,-150.8863983154297
1.1408412922146955,10,0.0,0.0,0.9572550859286951,0.0057996055111289024,0.999,171,214.37328838209834,688000,0.007522209081798792,0.999,209.1972275638143,210.7255166797659,0.0,139.35871529816967,0.0,0.0,207.6685763968586,0.0027297313790768385,1.0,688000,0.1640463280950329,-149.90841674804688
1.1426178320932325,10,0.0,0.0,2.234325848947201,0.0035912543535232544,0.999,172,214.2077193906937,692000,0.007791432086378336,0.999,204.88385863363519,209.38887471744627,0.0,136.70629893399337,0.0,0.0,201.73434048653723,0.00297919986769557,1.0,692000,0.16446087094020712,-149.79092407226562
1.1444017967380233,10,0.0,0.0,0.9872672411840228,0.005276082549244165,0.999,173,214.03766184661066,696000,0.00739566795527935,0.999,233.2688638514682,234.62607250844638,0.0,147.68507620224824,0.0,0.0,231.45466071945,0.014938227832317352,1.0,696000,0.16481070037510315,-153.03823852539062
1.146124641407384,10,0.0,0.0,0.5323485004141832,0.0044525437988340855,0.999,174,214.72029115420213,700000,0.007368886843323708,0.999,229.896210847351,230.775961343852,0.0,145.9113046657344,0.0,0.0,229.05106724563703,0.00513823889195919,1.0,700000,0.16525983714063885,-154.2325897216797
1.1479480552328194,10,0.0,0.0,1.019950230056535,0.004012100864201784,0.999,175,215.21187754062476,704000,0.007291379850357771,0.999,231.78126262479492,233.38545690502062,0.0,146.3753952885827,0.0,0.0,230.11021784753834,0.004238916095346212,1.0,704000,0.1656619714259202,-155.17782592773438
1.149717839715194,10,0.0,0.0,0.9494334109855852,0.005616667680442333,0.999,176,215.587893050437,708000,0.007612221408635378,0.999,213.83225440224504,214.75686279598384,0.0,140.52950904984482,0.0,0.0,211.66814125691997,0.011416686698794365,1.0,708000,0.16606272758414803,-155.04270935058594
1.1515614407800534,10,0.0,0.0,3.8992043905923066,0.003299838164821267,0.999,177,215.65569919699527,712000,0.007593126967549324,0.999,212.75004023519614,219.43473034945845,0.0,139.8910283895207,0.0,0.0,208.28021593505326,0.0035158745013177395,1.0,712000,0.166496252739176,-153.3484649658203
1.153341454342109,10,0.0,0.0,1.3474905558228978,0.004271443467587233,0.999,178,215.68191479569745,716000,0.007743028458207846,0.999,207.66199008698132,209.87949246793806,0.0,138.5171086792131,0.0,0.0,205.9562617430723,0.0031610517762601376,1.0,716000,0.16692012764894826,-153.5398712158203
1.1552110955371473,10,0.0,0.0,4.3090683529540375,0.005249240435659885,0.999,179,215.37022170457428,720000,0.007728247903287411,0.999,215.2514102199509,220.20377066084507,0.0,139.7942616731781,0.0,0.0,205.4421987990047,0.005600192584097385,1.0,720000,0.16723321172566852,-155.0021514892578
1.1572747786648545,10,0.0,0.0,2.866945238664748,0.004233265295624733,0.999,180,215.1577661954138,724000,0.007852589711546898,0.999,208.2734181183427,214.236710449653,0.0,138.94585265333373,0.0,0.0,204.5324238197253,0.007655241526663303,1.0,724000,0.16748901730528876,-155.04946899414062
1.1595968238336687,10,0.0,0.0,0.8123227167167767,0.002385246567428112,0.999,181,215.63597595563763,728000,0.008154448121786118,0.999,208.17402657191928,209.91591843952563,0.0,138.25393811768396,0.0,0.0,207.06062939736307,0.009222535416483879,1.0,728000,0.16787094223339993,-155.2799072265625
1.1623032062220782,10,0.0,0.0,2.200440472514075,0.006295546889305115,0.999,182,215.6758562111966,732000,0.00774246733635664,0.999,226.05483634124712,229.70854906421414,0.0,143.02709239825396,0.0,0.0,222.610724680577,0.004775552079081535,1.0,732000,0.1682943954347636,-153.93252563476562
1.1657033117487188,10,0.0,0.0,1.827713674951118,0.002285442315042019,0.999,183,215.50348710749205,736000,0.007656286936253309,0.999,206.73664554997626,209.72570687241966,0.0,137.25501558591466,0.0,0.0,204.29857755750388,0.002530824625864625,1.0,736000,0.16868313550886938,-157.55740356445312
1.167214769258671,10,0.0,0.0,1.1317626319406755,0.009236782789230347,0.999,184,215.63337019743963,740000,0.007179528474807739,0.999,237.69783172133833,239.33231217513236,0.0,148.57101891187736,0.0,0.0,235.59577814545938,0.005626849830150604,1.0,740000,0.16910616003352108,-155.26986694335938
1.1702007819490092,10,0.0,0.0,3.0407918923262467,0.0022143435198813677,0.999,185,216.1596464407542,744000,0.006934983190149069,0.999,216.99709605233124,221.49111756914638,0.0,141.406064069439,0.0,0.0,212.24750281427254,0.004747312981635332,1.0,744000,0.16955840362469,-157.317626953125
1.1725191741187764,10,0.0,0.0,3.395970237403346,0.0036251400597393513,0.999,186,216.00253564612888,748000,0.00709508266299963,0.999,220.18856921011366,225.00759966960806,0.0,142.80983939671174,0.0,0.0,215.38687206386044,0.0014413557946681976,1.0,748000,0.16986871975158002,-157.96104431152344
1.1739266003839561,10,0.0,0.0,3.9307191679763434,0.002909989096224308,0.999,187,215.8231002938751,752000,0.007270306348800659,0.999,214.193383516554,225.23152275116348,0.0,141.86068910890518,0.0,0.0,210.79667025132454,0.0027860894333571196,1.0,752000,0.17018928711229764,-157.12939453125
1.175350496272774,10,0.0,0.0,1.8109353908641685,0.004147018771618605,0.999,188,215.92591611020654,756000,0.00797912199050188,0.999,220.9574454994501,223.7028099020536,0.0,142.58594427391327,0.0,0.0,217.51792117894078,0.0023852468002587557,1.0,756000,0.17050677750886178,-156.7631378173828
1.1765511413267709,10,0.0,0.0,3.1239239630030537,0.0038657421246170998,0.999,189,215.57762987542674,760000,0.00748624000698328,0.999,211.58101000499227,216.88356515778148,0.0,140.32897529372175,0.0,0.0,207.92625149379657,0.004573826678097248,1.0,760000,0.17081185553170752,-158.2003936767578
1.1778568757607624,10,0.0,0.0,2.89241880919404,0.002559208543971181,0.999,190,215.3136594660105,764000,0.007642371580004692,0.999,237.60549559474907,241.72383465977563,0.0,150.29866757255667,0.0,0.0,230.55613744449744,0.0033674766309559345,1.0,764000,0.17110757871297033,-159.7058868408203
1.1791263785400807,10,0.0,0.0,2.735004275675009,0.0027452604845166206,0.999,191,215.394022537066,768000,0.00787813775241375,0.999,221.60801904171967,226.56066057816741,0.0,143.99551348955217,0.0,0.0,216.6006002993883,0.004068766254931688,1.0,768000,0.17152206254951485,-156.97483825683594
1.180534566348661,10,0.0,0.0,2.997103180632997,0.0031011614482849836,0.999,192,215.76689409265072,772000,0.007854772731661797,0.999,210.42094028496626,218.70228772272955,0.0,139.82059323700247,0.0,0.0,207.53283586989815,0.0023337695747613907,1.0,772000,0.1719689587687272,-159.53363037109375
1.1815877796513423,10,0.0,0.0,3.8835715756946114,0.0028216533828526735,0.999,193,216.35199314029208,776000,0.007622707635164261,0.999,228.74757077155158,233.9424033139555,0.0,145.98609919553547,0.0,0.0,219.4273233253155,0.0035907388664782047,1.0,776000,0.17234125950426615,-159.15135192871094
1.182468597505762,10,0.0,0.0,2.5414748808024843,0.004496293142437935,0.999,194,216.56335087011405,780000,0.0075628068298101425,0.999,211.77980301549732,216.73450130399948,0.0,140.05490931696346,0.0,0.0,208.3319128862722,0.003921668045222759,1.0,780000,0.1726811833401367,-160.0557098388672
1.183639614427963,10,0.0,0.0,4.581370921662512,0.005250581074506044,0.999,195,216.97295276257194,784000,0.007841750048100948,0.999,218.99698045892765,227.79977374797008,0.0,143.0428535388524,0.0,0.0,214.8760312036603,0.0070099420845508575,1.0,784000,0.17298032481961179,-160.79507446289062
1.1845447526232527,10,0.0,0.0,2.5493718477659635,0.003585242899134755,0.999,196,217.0007614301697,788000,0.007697366178035736,0.999,216.0066609434263,221.48973083428615,0.0,142.73267354110857,0.0,0.0,211.9993253064109,0.004274366889148951,1.0,788000,0.1733316409931689,-160.02694702148438
1.1856772579792485,10,0.0,0.0,3.578285929304037,0.004156400915235281,0.999,197,217.1439201439077,792000,0.007388421334326267,0.999,232.91944384132336,237.0392805517301,0.0,148.68825982676242,0.0,0.0,224.56767985226088,0.008692365139722824,1.0,792000,0.17373406605126962,-161.49618530273438
1.187051786447193,10,0.0,0.0,2.536071400462826,0.003327256767079234,0.999,198,217.6464211359747,796000,0.007443202659487724,0.999,238.80989235100256,240.8396916789741,0.0,151.32379058491193,0.0,0.0,232.58398157557042,0.0028921179473400116,1.0,796000,0.1741759206265021,-161.38050842285156
1.1880290875053838,10,0.0,0.0,1.378899971277119,0.004050987772643566,0.999,199,218.08406477408968,800000,0.007913528941571712,0.999,215.97910664800202,218.15989810788022,0.0,143.17410920004062,0.0,0.0,213.80449817902002,0.004446076694875956,1.0,800000,0.17458217911882934,-162.33810424804688
